id,borehole_id,temperature,depth
1,1,-14.924528,9.248555
2,1,-14.669811,12.716763
3,1,-14.443397,17.34104
4,1,-14.216981,23.699423
5,1,-14.103773,30.635838
6,1,-13.962264,38.728325
7,1,-13.764151,46.82081
8,1,-13.622642,53.757225
9,1,-13.509434,58.959538
10,2,-3.1108582,11.800804
11,2,-3.3967497,17.029482
12,2,-3.653038,24.559439
13,2,-3.735845,34.369946
14,2,-3.7890487,46.481735
15,2,-3.7844944,59.161587
16,2,-3.721768,73.56222
17,2,-3.7161784,89.123856
18,2,-3.7408135,100.655136
19,2,-3.7644136,115.06821
20,2,-3.7888417,127.17585
21,2,-3.8708208,139.29178
22,2,-3.9234033,153.13264
23,2,-3.803747,165.79591
24,2,-3.6836767,179.6119
25,2,-3.5062623,192.84322
26,2,-3.2410724,210.09662
27,2,-3.0344684,224.47652
28,2,-2.798882,239.42862
29,2,-2.4761412,256.6737
30,2,-2.2126074,269.31625
31,2,-1.861091,286.5572
32,2,-1.3928164,308.39243
33,2,-1.0119035,327.3583
34,2,-0.63036954,348.05325
35,3,-1.3900709,28.935184
36,3,-1.5602837,31.828703
37,3,-1.7304964,37.61574
38,3,-1.8723404,42.24537
39,3,-1.9574468,51.50463
40,3,-2.0425532,59.02778
41,3,-2.0425532,67.708336
42,3,-2.212766,75.23148
43,3,-2.4397163,80.43981
44,3,-2.8085105,85.64815
45,3,-3.177305,90.27778
46,3,-3.5744681,96.06481
47,3,-3.8297873,101.27315
48,3,-3.9432623,107.06019
49,4,-14.642456,10.623795
50,4,-14.296726,11.829188
51,4,-13.981278,14.277267
52,4,-13.787655,17.481237
53,4,-13.522275,24.397135
54,4,-13.379298,28.597874
55,4,-13.275939,39.000946
56,4,-13.33555,47.18876
57,4,-13.608325,56.885326
58,4,-13.962688,64.85443
59,4,-14.660922,82.77509
60,4,-15.014666,94.46318
61,4,-15.215848,106.87995
62,4,-15.34511,124.000374
63,4,-15.332469,138.8753
64,4,-15.085183,159.18155
65,4,-14.777666,175.01898
66,4,-14.265991,196.29076
67,4,-13.325016,232.39613
68,4,-12.833791,252.92613
69,5,-13.287302,20.19609
70,5,-12.527555,38.575687
71,5,-11.986049,56.99901
72,5,-11.623575,73.95561
73,5,-11.297947,99.93508
74,5,-10.853593,124.88904
75,5,-10.110538,153.28917
76,5,-9.290798,173.15932
77,5,-7.954116,196.43193
78,5,-5.583706,226.0086
79,5,-3.9292688,250.21928
80,5,-1.515557,291.30707
81,5,-0.038420357,319.56012
82,6,-11.952935,9.891612
83,6,-8.17833,16.63739
84,6,-3.7228951,30.247715
85,6,-1.943215,40.39283
86,6,-0.9419282,50.69364
87,6,-0.46004853,59.598186
88,6,-0.13767992,69.03469
89,6,0.005378122,79.507164
90,6,0.071628615,99.49599
91,7,-6.7870083,3.7845519
92,7,-7.5108237,8.523494
93,7,-7.9996076,13.746089
94,7,-8.325611,18.656391
95,7,-8.488882,23.730589
96,7,-8.625045,28.964378
97,7,-8.797341,33.87956
98,7,-8.888264,38.797325
99,7,-8.798355,43.72083
100,7,-8.916403,48.637733
101,7,-8.916925,53.7171
102,7,-8.971698,58.794743
103,7,-8.954105,63.55722
104,7,-9.045061,68.79244
105,7,-8.946111,73.71624
106,7,-8.973742,78.63601
107,7,-9.037572,83.8721
108,7,-9.019996,88.793304
109,7,-8.921029,93.558365
110,7,-8.930611,98.79617
111,7,-8.831644,103.56124
112,7,-8.832184,108.79933
113,7,-8.7694,113.72198
114,7,-8.78799,118.64204
115,7,-8.634806,123.72628
116,7,-8.572005,128.4902
117,7,-8.563487,133.56985
118,7,-8.50067,138.17503
119,8,-11.607111,10.607244
120,8,-11.715652,11.590239
121,8,-11.71586,12.575457
122,8,-11.774402,13.559478
123,8,-11.882943,14.542472
124,8,-11.900113,16.923075
125,8,-11.958898,19.056517
126,8,-12.034088,19.958094
127,8,-12.084314,21.024387
128,8,-12.151345,22.74715
129,8,-12.160077,24.635315
130,8,-12.302334,27.423859
131,8,-12.361083,29.393099
132,8,-12.378305,32.020004
133,8,-12.428826,34.482025
134,8,-12.445944,36.61632
135,8,-12.479938,39.735497
136,9,-11.029793,12.78111
137,9,-11.286482,18.13983
138,9,-11.5763645,22.841055
139,9,-11.610114,24.810808
140,9,-11.688332,26.889116
141,9,-11.766502,28.748487
142,9,-11.878077,30.935581
143,9,-11.800693,32.798145
144,10,-9.106931,9.75544
145,10,-8.575752,19.946976
146,10,-9.48892,29.67099
147,10,-10.302203,39.9444
148,10,-10.704285,49.788372
149,10,-10.917456,59.526752
150,10,-10.986298,69.815445
151,10,-11.04396,79.775955
152,10,-10.980048,92.8041
153,10,-10.948242,100.02972
154,10,-10.96477,125.645164
155,11,-6.940505,10.894599
156,11,-7.186013,15.925141
157,11,-7.809344,21.166868
158,11,-8.399249,25.971403
159,11,-8.966931,30.776396
160,11,-9.156908,35.91755
161,11,-9.224592,40.732803
162,11,-9.325634,45.65684
163,11,-9.504453,50.579285
164,11,-9.683294,55.611195
165,11,-9.895538,60.97083
166,11,-10.129843,65.56372
167,11,-10.330954,70.81412
168,11,-10.34262,73.44114
169,11,-10.643568,77.923195
170,11,-10.766877,83.06572
171,11,-10.923613,88.645424
172,11,-10.991228,93.13228
173,11,-11.07007,98.16624
174,11,-11.048913,103.202255
175,11,-11.049932,108.018875
176,11,-11.028891,113.60224
177,12,-8.796029,10.747044
178,12,-8.685429,13.157636
179,12,-8.541516,15.678381
180,12,-8.38654,18.418291
181,12,-8.199041,24.99029
182,12,-8.334504,35.058674
183,12,-8.803251,44.90128
184,12,-9.327555,54.742744
185,12,-9.718502,64.47748
186,12,-10.109589,74.86902
187,12,-10.422782,84.71481
188,12,-10.72491,94.77978
189,12,-10.749239,104.740974
190,12,-10.750882,112.51325
191,13,-11.263265,13.433132
192,13,-11.37544,18.466412
193,13,-11.499722,28.206617
194,13,-11.678586,33.347996
195,13,-11.446273,38.16941
196,13,-11.536272,43.42208
197,13,-11.526203,48.348404
198,13,-11.450532,58.31165
199,13,-11.597105,68.37981
200,13,-11.365903,78.45572
201,13,-11.335694,93.23467
202,13,-11.037779,103.09302
203,14,-10.941761,16.934229
204,14,-10.932687,26.594173
205,14,-11.225926,47.22489
206,14,-11.350185,56.882088
207,14,-11.362338,61.821487
208,14,-11.385602,66.76066
209,14,-11.242223,71.81303
210,14,-11.309931,76.75128
211,14,-11.365879,78.61622
212,14,-11.3443985,82.1293
213,14,-11.256528,86.96098
214,14,-11.224329,92.34038
215,14,-11.158635,96.952065
216,15,-13.761322,4.9322367
217,15,-14.430087,5.9683676
218,15,-14.583189,7.9736485
219,15,-14.202822,10.027305
220,15,-13.976194,11.974321
221,15,-13.758608,13.921435
222,15,-13.721805,16.032965
223,15,-13.657925,17.981743
224,15,-13.440355,19.874706
225,15,-13.710997,21.881262
226,15,-13.692276,23.992985
227,15,-13.547023,25.940884
228,15,-13.401736,27.997086
229,16,-11.980078,5.102477
230,16,-11.812727,5.3714247
231,16,-11.441916,5.7193966
232,16,-11.306162,6.151142
233,16,-11.333189,6.4763465
234,16,-11.378249,6.9642024
235,16,-11.608654,7.4811416
236,16,-11.875241,7.9443207
237,16,-12.0921,8.406961
238,16,-12.186865,8.9765835
239,16,-12.489479,9.900444
240,16,-12.886703,11.908369
241,16,-12.935818,13.939601
242,16,-12.985236,14.969024
243,16,-13.070828,15.971762
244,16,-13.070231,17.948303
245,16,-13.128405,19.92548
246,16,-13.181133,24.962185
247,16,-13.152505,29.943857
248,16,-13.078669,34.92504
249,17,-2.1609058,5.04297
250,17,-3.2944665,6.0380015
251,17,-5.393719,7.9761686
252,17,-7.1153874,9.968623
253,17,-8.102865,12.069562
254,17,-8.670654,14.014446
255,17,-8.986806,16.118328
256,17,-9.197915,18.012146
257,17,-9.2832985,20.11704
258,17,-9.599303,22.010397
259,17,-9.747513,23.95712
260,17,-10.000728,26.061281
261,17,-10.107016,28.060822
262,17,-10.10841,30.060822
263,18,-8.272763,4.99862
264,18,-7.3503494,5.950037
265,18,-5.715433,8.02739
266,18,-4.555991,10.03248
267,18,-3.9420023,12.03518
268,18,-3.635729,14.071617
269,18,-3.6790318,16.001257
270,18,-3.7363694,18.001013
271,18,-3.8357136,20.070759
272,18,-3.9769428,22.035057
273,19,-3.97907,5.017452
274,19,-4.6930637,6.031867
275,19,-4.080468,10.034566
276,19,-2.4336202,15.059348
277,19,-2.6363924,25.058489
278,20,0.0050251256,0.93877554
279,20,-0.050251257,1.9387755
280,20,-0.1557789,2.9387755
281,20,-0.19095477,3.9795918
282,20,-0.22110553,4.9591837
283,20,-0.20100503,5.9591837
284,20,-0.1557789,7.0
285,20,-0.10552764,8.020409
286,20,-0.07035176,9.0
287,20,-0.040201005,10.0
288,21,-0.38693467,0.93877554
289,21,-0.6080402,1.8979592
290,21,-1.0,3.9183674
291,21,-1.040201,5.979592
292,21,-0.8190955,8.040816
293,21,-0.6834171,9.979591
294,22,-1.4924623,1.8571428
295,22,-1.7939699,3.9591837
296,22,-1.8994975,5.9387755
297,22,-1.7889447,8.020409
298,22,-1.4924623,9.959184
299,23,0.0,10.0
300,24,0.0,10.0
301,25,0.0,10.0
302,26,-4.8055615,0.9257505
303,26,-4.658909,2.0136745
304,26,-4.482312,3.0403888
305,26,-3.9735866,3.9391842
306,26,-3.2421193,5.015294
307,26,-2.4303946,6.008976
308,26,-2.0118058,7.030802
309,26,-1.7145181,7.994473
310,26,-1.3262799,8.996711
311,26,-0.5547857,10.011407
312,27,-3.6404066,0.012882981
313,27,-2.8188024,0.96216595
314,27,-2.248765,2.0171165
315,27,-2.2032475,3.0423787
316,27,-1.7044013,3.9780347
317,27,-1.4169931,4.9783087
318,27,-1.2000644,6.0001216
319,27,-1.0436337,7.0231524
320,27,-0.44885486,8.983056
321,27,-0.6252651,9.992662
322,28,-3.9125462,0.038479876
323,28,-3.2419837,1.0310442
324,28,-3.1561341,2.0554948
325,28,-2.9295292,2.9966288
326,28,-2.4608302,3.9530127
327,28,-1.9110606,4.98825
328,28,-1.0538185,7.003236
329,28,-0.51933426,9.004595
330,28,-0.36310694,9.987388
331,29,-11.247811,1.066948278
332,29,-12.999905,1.391808168
333,29,-12.797683,1.712743066
334,29,-11.163146,1.990633648
335,29,-10.114479,2.289784822
336,29,-9.1961,2.589197501
337,29,-8.667735,2.929561414
338,29,-8.140219,3.22975922
339,29,-7.0641785,3.796639439
340,29,-6.60124,4.1237452
341,30,-0.0038096157,5.0093746
342,30,0.002507595,9.906486
343,30,-0.0064136568,15.0280075
344,30,-0.015527801,20.0
345,31,-0.1558469,5.0195885
346,31,-0.069338664,10.000633
347,31,-0.04208747,15.01811
348,31,-0.04450882,20.036009
349,32,0.0,5.035971
350,32,-0.12012012,9.928058
351,32,-0.8708709,14.964028
352,32,-0.8258258,20.0
353,33,-11.114684,3.0386226
354,33,-14.262027,5.0617404
355,33,-14.393166,6.9358244
356,33,-14.3024645,8.98194
357,33,-13.989544,11.0296335
358,33,-13.930462,13.018706
359,33,-13.934619,14.893692
360,33,-13.812425,17.053669
361,33,-13.816456,18.871838
362,33,-13.821116,20.974094
363,33,-13.920636,22.905222
364,33,-13.893552,25.007704
365,33,-13.866216,26.99655
366,33,-13.775514,29.042665
367,34,-13.243262,1.0307895
368,34,-14.988671,1.9326894
369,34,-14.764141,2.9891694
370,34,-13.495937,4.0174446
371,34,-10.553106,5.984242
372,34,-7.2046943,7.9819775
373,34,-4.9579268,10.007809
374,34,-3.6380534,11.941373
375,34,-2.8987226,13.994534
376,35,-10.582819,1.0220469
377,35,-10.712293,1.9630369
378,35,-10.493541,2.9660895
379,35,-9.985165,4.0613527
380,35,-9.023628,6.0390773
381,35,-8.5852785,7.984445
382,35,-8.380912,10.020036
383,35,-8.350659,12.024594
384,35,-8.494519,13.998122
385,36,-2.5135136,2.1546962
386,36,-1.054054,3.1491714
387,36,-0.4054054,3.9779005
388,36,-0.16216215,4.8066297
389,36,-0.2027027,5.469613
390,36,-0.36486486,6.1325965
391,36,-1.1351352,8.2872925
392,36,-1.945946,10.110497
393,36,-2.5945945,12.265193
394,36,-2.7567568,13.922652
395,36,-2.4324324,18.232044
396,36,-0.972973,28.176796
397,36,-1.9054054,38.121548
398,36,-5.635135,58.01105
399,36,-7.9864864,78.0663
400,36,-8.756757,97.790054
401,36,-8.635135,117.84531
402,40,-5.5862203,4.1693296
403,40,-4.8563666,8.363802
404,40,-4.170287,14.463906
405,40,-3.2121167,24.722069
406,40,-2.123424,37.854286
407,40,-1.2635831,50.650116
408,40,-0.7303883,59.919914
409,40,-0.4257777,65.98968
410,40,-0.19775781,75.2352
411,40,-0.07866954,83.835686
412,40,-0.047427427,99.429276
413,40,-0.050159626,128.70215
414,40,-0.0655134,176.42879
415,40,-0.079530776,209.83717
416,40,-0.10524909,251.83565
417,41,0.0039943573,15.59142
418,41,-0.000371,62.36438
419,41,-0.026846834,112.47653
420,41,-0.12523572,174.03764
421,41,-0.1898582,224.14676
422,41,-0.24907565,274.73358
423,41,-0.2746158,314.82297
424,41,-0.29730493,324.36673
425,42,-3.1160312,6.435389
426,42,-2.5502026,27.105637
427,42,-2.2132785,37.57504
428,42,-1.7355673,50.081375
429,42,-1.203351,65.03593
430,42,-0.85571814,75.09662
431,42,-0.45296812,90.46393
432,42,-0.21262646,103.65892
433,42,-0.10233388,114.54437
434,42,-0.068138815,122.98235
435,43,-3.6012456,9.310318
436,43,-2.8749902,22.89712
437,43,-1.9969186,39.6094
438,43,-1.3352941,53.87898
439,43,-0.8357868,67.33738
440,43,-0.45529926,79.5748
441,43,-0.18288971,91.27143
442,43,-0.061684437,102.70097
443,43,-0.07038254,112.501564
444,44,-3.512202,16.463573
445,44,-2.5052638,28.0995
446,44,-1.5526792,42.87282
447,44,-0.9433129,55.723583
448,44,-0.5061033,70.20634
449,44,-0.17670788,86.73275
450,44,-0.071430504,96.70004
451,44,-0.0833506,102.295685
452,44,-0.095097736,107.0724
453,45,-4.1777096,15.212463
454,45,-3.2244046,26.573582
455,45,-2.3357303,38.88792
456,45,-1.3940281,54.34331
457,45,-0.9879087,63.501934
458,45,-0.56083196,75.11807
459,45,-0.23045643,87.0039
460,45,-0.082312815,97.38212
461,45,-0.07307366,104.47986
462,45,-0.09512656,107.20889
463,46,-9.01528,9.509202
464,46,-7.059423,14.417178
465,46,-4.5687604,23.619633
466,46,-3.3310697,32.668713
467,46,-2.1086588,42.177914
468,46,-1.2988116,51.53374
469,46,-0.7792869,60.58282
470,47,-7.046386,11.101447
471,47,-5.4552245,15.964654
472,47,-4.232813,21.185226
473,47,-3.0713074,26.875584
474,47,-2.0022998,32.424534
475,47,-1.7470798,39.16007
476,47,-0.9701201,44.9022
477,47,-0.6693757,51.17002
478,47,-0.29192933,57.27366
479,47,-0.19197704,62.953068
480,47,0.016476303,69.233315
481,47,0.070904315,75.38044
482,47,0.06276969,80.766685
483,47,0.08684817,87.22562
484,48,-4.335004,9.93925
485,48,-2.7951684,16.259045
486,48,-1.9109902,21.870085
487,48,-1.6972177,28.004581
488,48,-1.2761028,33.812225
489,48,-1.1423483,39.80025
490,48,-0.94439566,46.090065
491,48,-0.74659616,52.226032
492,48,-0.42085978,58.50405
493,48,-0.35130334,64.19029
494,48,-0.14738002,76.47993
495,49,-5.6442733,11.147231
496,49,-4.8296666,15.695565
497,49,-4.060014,21.007465
498,49,-3.6211839,28.00628
499,49,-3.1072352,34.39305
500,49,-2.7738264,41.39508
501,50,-11.195122,8.4862385
502,50,-10.317073,15.137614
503,50,-9.707317,22.706423
504,50,-9.146341,29.816513
505,50,-8.804878,38.073395
506,51,-5.200859,9.429793
507,51,-4.0426226,13.279214
508,51,-2.7780101,17.245718
509,51,-1.7523295,21.4677
510,52,-4.4828715,10.128656
511,52,-4.2939825,15.3638525
512,52,-3.4011226,19.957106
513,52,-2.4944441,25.525326
514,52,-1.109836,30.21804
515,53,-6.2633595,10.57593
516,53,-4.504019,20.129492
517,53,-2.9836762,30.059834
518,53,-2.2233722,35.268898
519,53,-1.6360865,39.998077
520,53,-1.0087359,45.09127
521,53,-0.44802752,49.821663
522,54,-5.7690287,15.431308
523,54,-4.48775,25.616482
524,54,-3.2466025,35.315693
525,54,-2.1514323,45.387424
526,54,-1.0962603,55.21709
527,54,-0.28286788,60.3006
528,54,-0.041353375,64.55897
529,55,-11.1,15.0
530,56,-12.2,15.0
531,57,-9.5,15.0
532,58,-10.5,15.0
533,59,-5.598234,0.0
534,59,-4.715232,5.11364
535,59,-4.04415,10.79546
536,59,-3.584989,14.48864
537,59,-3.0993378,19.318186
538,59,-2.6401765,24.14773
539,59,-2.3046358,29.54546
540,59,-1.9690949,34.375
541,59,-1.642384,39.204546
542,59,-1.4039735,44.88637
543,59,-1.218543,49.43182
544,59,-1.0242826,53.977274
545,59,-0.8741722,59.659094
546,59,-0.7152318,64.77273
547,59,-0.5916115,69.886366
548,59,-0.43267107,74.431822
549,59,-0.406181,79.82955
550,59,-0.25607064,84.375002
551,59,-0.17660044,89.77273
552,59,-0.08830022,94.318184
553,59,-0.03532009,100.000003
554,59,-0.04415011,115.0568209
555,60,-6.719647,0.0
556,60,-5.289183,9.94317
557,60,-4.370861,19.60226
558,60,-3.593819,29.54545
559,60,-2.852097,39.48863
560,60,-2.2163355,49.43181
561,60,-1.7041943,59.65909
562,60,-1.2980132,69.60227
563,60,-0.94481236,78.97727
564,60,-0.61810154,90.056814
565,60,-0.4415011,99.7159
566,60,-0.22958058,109.37499
567,60,-0.1942605,119.60227
568,60,-0.1589404,129.261358
569,60,-0.12362031,139.204538
570,60,-0.08830022,148.579538
571,60,-0.105960265,158.806812
572,60,-0.11479029,169.034084
573,60,-0.105960265,178.693175
574,61,-1.8278146,0.0
575,61,-0.45916116,9.94319
576,61,-0.2030905,19.602276
577,61,0.08830022,29.261364
578,61,0.17660044,40.05682
579,61,0.09713025,50.28409
580,61,0.0794702,59.65909
581,61,0.0794702,70.45455
582,61,0.061810154,80.397728
583,61,0.061810154,90.340912
584,61,0.04415011,100.0
585,61,0.16777042,109.943184
586,61,0.061810154,119.886366
587,61,0.052980132,130.11682
588,61,0.052980132,140.05682
589,62,-0.0014492517,-0.015130059
590,62,-0.0018298764,1.9814038
591,62,-0.000764,3.9778275
592,62,-0.0011392583,6.004842
593,62,-0.000804,7.9556
594,62,-0.023780545,8.947983
595,62,-0.112581216,9.930141
596,62,-0.0623,12.120941
597,63,-0.000942,2.9414873
598,63,-0.0013119128,4.9989824
599,63,-0.0024184715,6.980331
600,63,-0.008567327,9.083988
601,63,-0.23127075,9.558173
602,63,-0.32089674,9.946015
603,63,-0.16593146,10.95532
604,63,-0.09054684,11.879246
605,63,-0.041906655,12.911893
606,63,-0.012085817,13.869772
607,63,-0.006844706,14.905726
608,63,-0.0023373761,15.8807745
609,63,-0.0023831557,19.828066
610,63,-0.004305899,25.4518
611,64,-2.7393506,12.4925
612,64,-2.5785508,17.66472
613,64,-2.57654,22.511517
614,64,-2.4316192,24.174791
615,64,-2.3584652,26.677738
616,64,-2.3289263,28.347439
617,64,-2.4147,30.1907
618,64,-2.3272622,32.35858
619,65,-2.8472223,11.002786
620,65,-2.6527777,16.350975
621,65,-2.4583333,21.364902
622,65,-2.3055556,26.211699
623,65,-2.1527777,31.225626
624,65,-2.125,36.072422
625,65,-2.125,38.41226
626,65,-2.0833333,40.417828
627,65,-2.0694444,43.426186
628,65,-1.9722222,46.26741
629,66,-2.5631068,10.0
630,66,-2.3009708,14.692738
631,66,-2.1553397,20.391062
632,66,-1.8640777,25.0838
633,66,-1.7475728,30.446928
634,66,-1.6019417,34.97207
635,66,-1.4708738,40.1676
636,66,-1.4271845,45.36313
637,66,-1.2815534,50.223465
638,66,-1.2815534,54.916203
639,66,-1.2524272,57.09497
640,66,-1.2524272,59.106144
641,66,-1.2378641,61.620113
642,66,-1.1941748,63.29609
643,66,-1.2524272,66.14525
644,67,-1.8,14.679666
645,67,-1.4857143,19.693594
646,67,-1.1857142,24.373259
647,67,-1.0142857,29.88858
648,67,-0.8428571,34.568245
649,67,-0.62857145,39.415043
650,67,-0.6142857,44.5961
651,67,-0.4,49.442898
652,67,-0.24285714,54.456825
653,67,-0.12857144,59.13649
654,67,-0.028571429,61.476322
655,67,-0.057142857,65.487465
656,67,-1.78e-15,69.331474
657,68,-1.9856019,10.113668
658,68,-1.6565001,15.193034
659,68,-1.3995752,19.928144
660,68,-1.1143677,25.50684
661,68,-0.85730284,30.073885
662,68,-0.68760645,35.135387
663,68,-0.43096167,40.206635
664,68,-0.43278185,42.391506
665,68,-0.013791333,43.951202
666,68,-0.05908571,46.131207
667,68,-0.017571699,48.489017
668,68,-0.048234664,50.50258
669,69,-1.5528336,15.855853
670,69,-1.1878525,21.163725
671,69,-1.0973005,26.00075
672,69,-0.77600074,30.812063
673,69,-0.64246094,35.310013
674,69,-0.45067948,40.470043
675,69,-0.43195894,45.649357
676,69,-0.3703892,50.322468
677,69,-0.048950724,55.300907
678,69,0.010677637,57.63425
679,69,0.026902098,59.805286
680,69,0.028704816,61.977932
681,70,-1.2858143,14.823253
682,70,-0.9049775,19.627935
683,70,-0.6542832,24.781403
684,70,-0.51966023,29.780663
685,70,-0.34156302,34.775078
686,70,-0.23620284,39.443317
687,70,-0.18838821,44.61939
688,70,-0.08316804,49.120502
689,70,0.0227522,54.45724
690,70,-0.07462721,59.315212
691,70,-0.029192822,61.65014
692,70,-0.14316384,64.00282
693,70,0.035633445,69.83287
694,71,0.09006281,21.029411
695,71,-0.1321313,27.053476
696,71,-2.2451057,32.884136
697,71,-3.2794566,38.961823
698,71,-3.8524747,43.94786
699,71,-3.9527729,48.945484
700,71,-2.8652608,54.045753
701,71,-2.771574,58.974598
702,71,-2.9567194,63.970142
703,71,-3.4813023,69.0309
704,71,-3.872407,73.87433
705,71,-3.9606333,78.94578
706,72,0.055536285,0.072341055
707,72,0.08964653,3.4555852
708,72,-5.4285984,8.099822
709,72,-4.4744663,13.27035
710,72,-3.6293745,18.364676
711,72,-3.5598316,23.14587
712,72,-4.366577,33.273323
713,72,-6.0579605,43.08497
714,72,-7.349448,53.053474
715,72,-8.034885,63.03684
716,72,-8.23558,73.179146
717,72,-7.648213,83.046646
718,72,-7.4609375,93.0514
719,72,-6.722804,113.14335
720,73,-4.2270994,5.8498216
721,73,-2.7914083,15.958705
722,73,-3.731387,25.93583
723,73,-5.180448,35.900475
724,73,-7.017431,45.929146
725,73,-8.357305,55.749405
726,73,-8.970016,65.73455
727,73,-8.874296,85.81075
728,73,-8.92807,93.75074
729,74,-4.877619,-0.1956328
730,74,-7.740235,2.8224895
731,74,-9.589338,12.850862
732,74,-9.0626745,22.863934
733,74,-10.705721,32.897354
734,74,-10.930412,42.67142
735,74,-11.009799,52.669636
736,74,-11.0770645,62.66815
737,74,-11.070379,70.830215
738,75,-10.338589,9.450089
739,75,-9.675116,14.245841
740,75,-9.617841,19.247326
741,75,-9.948487,24.312834
742,75,-10.303278,29.23069
743,75,-10.709884,39.147354
744,75,-10.849973,49.291145
745,75,-11.026327,59.286987
746,75,-10.887536,69.29055
747,75,-10.906317,79.29025
748,76,-0.9449242,5.3952785
749,76,-1.5061873,6.6700473
750,76,-2.5270202,10.255198
751,76,-2.0433993,13.108983
752,76,-1.3558141,15.968619
753,76,-0.92556775,27.34061
754,76,-0.8789102,42.832382
755,76,-0.9085948,57.805614
756,76,-0.8585427,61.163307
757,76,-0.86200947,73.55556
758,76,-1.0667683,76.389595
759,76,-0.79065084,91.88795
760,76,-0.54002887,107.38557
761,77,-0.9053712,3.3649056
762,77,-4.064048,6.15199
763,77,-5.5610576,9.4053545
764,77,-5.5729055,12.102632
765,77,-4.9302135,14.781229
766,77,-4.388114,17.847975
767,77,-4.059928,21.177675
768,77,-3.0751247,32.06575
769,77,-2.2545905,40.646854
770,77,-2.2646074,50.022213
771,77,-0.8773974,59.486122
772,77,-0.4216134,69.10504
773,77,-0.18009542,77.70267
774,77,-0.026583,86.68808
775,78,-3.1373737,3.2179723
776,78,-5.3114696,17.287859
777,78,-3.446951,32.348335
778,78,-1.7802211,47.805428
779,79,-0.85279304,1.3226973
780,79,-8.091371,11.668402
781,79,-6.6963825,20.920195
782,79,-6.5988793,26.69433
783,79,-6.104955,32.665245
784,80,-1.8955821,7.146954
785,80,-0.35238433,14.507784
786,80,-0.12446638,22.16508
787,80,-1.2520036,29.845924
788,81,-5.129869,3.1171143
789,81,-6.584767,5.568971
790,81,-6.780437,8.461965
791,81,-6.1321874,14.771926
792,82,-6.2846074,5.605028
793,82,-5.2874813,11.828404
794,82,-3.8707554,17.818924
795,82,-3.2922757,20.911402
796,82,-2.7736738,23.808054
797,82,-2.3550165,26.899837
798,83,-2.9225068,22.376942
799,83,-2.3793309,26.378561
800,83,-1.7978028,29.560438
801,83,-1.5664415,31.269886
802,84,-3.132201,41.30963
803,84,-0.020270595,79.627426
804,84,-0.07497388,119.490746
805,84,-0.12967716,159.35406
806,84,-0.17743604,199.21564
807,84,-0.20434561,239.82387
808,84,-0.2104702,278.17123
809,84,-0.29902747,358.64453
810,85,-1.9036356,13.182185
811,85,-2.1254065,34.29039
812,85,-2.2291226,55.369003
813,85,-2.3814332,77.21168
814,85,-1.5333315,118.352486
815,85,-0.9351641,162.56346
816,85,-0.1773235,204.47876
817,85,-0.21108104,249.59999
818,86,-1.7298808,19.905552
819,86,-1.9234883,59.0518
820,86,-1.7838124,95.85889
821,86,-1.5781648,132.64943
822,86,-1.303081,169.04663
823,86,-0.7640777,206.88145
824,86,-0.22857067,243.58934
825,86,-0.26247287,281.94366
826,87,-0.0944568,20.247551
827,87,-0.12181648,39.803272
828,87,-0.11098192,59.34942
829,87,-0.12446082,78.52572
830,87,-0.17610985,98.83941
831,87,-0.18608439,119.51859
832,87,-0.2099799,138.69751
833,87,-0.22342665,159.37756
834,87,-0.2750998,178.56343
835,88,-1.0632257,19.36253
836,88,-0.94841796,29.860067
837,88,-0.9410395,50.158962
838,88,-0.99270463,69.72077
839,88,-1.0688921,79.13836
840,88,-0.9781326,101.672
841,88,-1.1687261,119.38892
842,88,-1.2134467,138.949
843,88,-1.1123189,159.2244
844,88,-1.0528654,179.1343
845,88,-0.8895352,185.48434
846,88,-0.43363163,234.24223
847,88,-0.123528466,284.54044
848,88,-0.18528064,319.5183
849,88,-0.1848868,337.93924
850,88,-0.18815003,347.7145
851,89,-0.050925925,25.714285
852,89,-0.11111111,45.37815
853,89,-0.10185185,65.54622
854,89,-0.12037037,85.71429
855,89,-0.15277778,103.86555
856,89,-0.1388889,125.042015
857,89,-0.18518518,145.71428
858,89,-0.18518518,165.88235
859,89,-0.18055555,186.05042
860,90,-3.9102893,0.2613923
861,90,-4.0282574,0.43642944
862,90,-3.8488362,0.95921403
863,90,-3.788151,1.4127077
864,90,-3.578881,2.005171
865,90,-4.4350557,2.9862323
866,90,-3.1874459,3.993019
867,90,-2.8845694,6.085967
868,90,-2.5527222,7.9693623
869,90,-2.101919,9.991856
870,91,-14.051024,11.993795
871,91,-14.029725,18.118876
872,91,-13.945332,24.25168
873,91,-13.849498,30.508335
874,91,-13.7650385,36.39625
875,91,-13.680512,42.039272
876,91,-13.60759,48.170673
877,91,-13.546074,54.05578
878,91,-13.438704,60.068947
879,91,-13.337069,66.08141
880,91,-13.218291,72.34088
881,91,-13.08801,78.4793
882,91,-12.986341,84.36932
883,91,-12.884707,90.38179
884,91,-12.777336,96.394966
885,91,-12.664263,102.53128
886,91,-12.54542,108.54585
887,91,-12.437983,114.31413
888,91,-12.353655,120.691826
889,92,-0.0933351,2.4680393
890,92,-0.8762777,3.0401852
891,92,-1.0809346,3.3095684
892,92,-1.3534454,3.562047
893,92,-1.6599697,3.8313444
894,92,-2.1372528,4.3869004
895,92,-2.5804648,4.908791
896,92,-2.9558806,5.464433
897,92,-3.195358,5.9864955
898,92,-3.5708892,6.575832
899,92,-3.84438,7.114712
900,92,-4.049959,7.6536503
901,92,-4.2904744,8.478961
902,92,-4.3603463,9.051708
903,92,-4.498936,9.860258
904,92,-4.5008965,10.433062
905,92,-4.5365815,10.938448
906,92,-4.470688,11.528156
907,92,-4.438404,12.016753
908,92,-4.3726254,12.640156
909,92,-4.373548,12.909711
910,93,-5.322034,1.0264423
911,93,-5.1864405,1.3966346
912,93,-5.1525426,1.8341346
913,93,-4.8474574,2.1706731
914,93,-4.2033896,2.7596154
915,93,-3.559322,3.3822114
916,93,-3.1864407,3.8870192
917,93,-3.0508475,4.358173
918,93,-2.881356,5.014423
919,93,-2.881356,5.923077
920,93,-2.8474576,6.4951925
921,93,-2.9491525,7.0841346
922,93,-3.220339,7.9759617
923,93,-3.4915254,9.423077
924,93,-3.8305085,11.139423
925,93,-3.8644068,12.216346
926,93,-3.8305085,12.956731
927,94,-3.7627118,12.973557
928,94,-3.8644068,12.064904
929,94,-4.2033896,10.382212
930,94,-4.5423727,8.716346
931,94,-5.084746,7.2524037
932,94,-6.1694913,5.485577
933,94,-7.355932,3.2475963
934,94,-7.898305,2.2043269
935,94,-8.067797,0.97596157
936,95,-0.37288135,0.99278843
937,95,-0.5084746,2.0360577
938,95,-2.7118645,3.0793269
939,95,-4.1694913,4.0048075
940,95,-4.983051,4.9975963
941,95,-5.3898306,6.831731
942,95,-5.2881355,7.9759617
943,95,-5.016949,8.985577
944,95,-4.983051,10.045673
945,95,-4.576271,11.661057
946,95,-4.3050847,13.024038
947,96,-1.3898305,1.0096154
948,96,-1.1186441,1.5649039
949,96,-0.9830508,2.1875
950,96,-1.0508474,2.7259614
951,96,-1.7627119,3.7860577
952,96,-2.9830508,4.9302883
953,96,-3.3559322,5.8221154
954,96,-3.4915254,6.9158654
955,96,-3.6949153,8.161057
956,96,-3.9661016,8.867788
957,96,-4.338983,10.432693
958,96,-4.576271,12.115385
959,96,-4.2711864,12.973557
960,97,-14.015781,-2.4090683
961,97,-12.253807,-1.8898079
962,97,-10.899781,-1.5026469
963,97,-9.546655,-0.9935345
964,97,-8.044622,-0.51228577
965,97,-2.4246843,3.6446571
966,97,-0.48395568,7.653982
967,97,-0.04878251,11.660482
968,98,-0.88773304,3.6796324
969,98,-0.018863492,7.6123843
970,98,-0.048506122,11.629196
971,99,-8.099567,0.044454698
972,99,-7.0085754,2.0561452
973,99,-2.9533277,6.0821414
974,99,-0.661152,10.105676
975,99,-0.66130376,10.127571
976,100,-0.070577525,2.7710695
977,100,-1.300296,6.0720177
978,100,-1.3224558,10.158532
979,101,-13.231911,-0.10468731
980,101,-10.812447,0.070946805
981,101,-8.779495,0.32848576
982,101,-7.959103,0.69264877
983,101,-5.1368666,3.4532032
984,101,-2.3878522,7.463533
985,101,-1.0153143,11.496543
986,102,-0.104935005,-0.028077994
987,102,-0.40317667,1.5368794
988,102,-2.498342,5.5130157
989,102,-1.6762333,9.499839
990,103,-11.102339,4.036502
991,103,-6.621062,16.504686
992,103,-5.372206,28.831915
993,103,-3.3392453,53.686768
994,104,-9.285295,4.7789955
995,104,-5.7336287,17.0692
996,104,-4.9283967,29.596485
997,104,-4.0809484,41.930164
998,105,-2.2636724,5.2957783
999,105,-1.4948481,9.87768
1000,105,0.044385735,19.753313
1001,105,-0.21083224,59.992226
1002,106,-0.40683427,23.40909
1003,106,-0.068440326,37.67857
1004,106,-0.07153202,54.83766
1005,106,-0.091481574,68.94481
1006,106,-0.14316167,175.1461
1007,107,-9.12674,1.255618
1008,107,-6.4723644,5.554577
1009,107,-3.8882844,10.383781
1010,107,-3.4371676,15.352362
1011,107,-0.88817436,20.358109
1012,107,-1.7060528,40.18597
1013,107,-1.0204531,60.04047
1014,107,-0.34891254,100.26856
1015,108,-0.43970588,70.22504
1016,108,-0.220362,84.86341
1017,108,-0.08923077,100.49261
1018,108,-0.08273756,114.14577
1019,108,-0.0930543,130.25638
1020,108,-0.10135747,145.0403
1021,108,-0.11273756,161.15651
1022,108,-0.14126697,175.7837
1023,108,-0.14210407,190.79153
1024,108,-0.1440724,205.01567
1025,108,-0.15022625,220.0515
1026,108,-0.16807692,235.1489
1027,108,-0.18377829,250.49821
1028,108,-0.19771492,261.62674
1029,108,-0.20226245,270.6001
1030,108,-0.20244344,280.86655
1031,108,-0.20373303,290.6124
1032,108,-0.21997738,299.64734
1033,108,-0.22223982,310.45117
1034,108,-0.23524886,319.9955
1035,108,-0.23438914,329.9933
1036,109,-0.013910972,10.673089
1037,109,-0.018442702,25.791355
1038,109,-0.037716407,41.15116
1039,109,-0.03909587,56.534298
1040,109,-0.050984737,71.12145
1041,109,-0.057499792,80.500374
1042,109,-0.08759314,109.66644
1043,109,-0.09877843,140.6825
1044,109,-0.12048974,171.68481
1045,109,-0.17057699,200.56406
1046,109,-0.19119692,229.74248
1047,109,-0.21289161,259.96252
1048,109,-0.22191629,288.37378
1049,110,-1.2779775,0.29782662
1050,110,-2.5914524,0.4771214
1051,110,-3.6110756,1.0035577
1052,110,-3.621154,1.9650216
1053,110,-3.3148508,2.7320442
1054,110,-2.3860693,3.9515305
1055,110,-1.7273712,5.002994
1056,110,-0.9770058,4.789003
1057,110,-0.4607103,4.8858714
1058,110,-0.28291342,5.958998
1059,110,-0.09225213,7.6922398
1060,110,-0.065594636,9.552996
1061,110,-0.001031903,19.82088
1062,110,0.05465646,24.923738
1063,111,-0.25738418,2.1324055
1064,111,-3.6645262,5.042133
1065,111,-4.128751,5.9495325
1066,111,-4.84702,8.466535
1067,111,-4.2761126,11.426017
1068,111,-3.9241962,14.197103
1069,111,-3.7495167,17.297503
1070,111,-3.46483,19.806158
1071,111,-3.5249743,21.344975
1072,111,-3.4509153,23.751627
1073,111,-3.242397,26.683144
1074,111,-3.0589063,29.269735
1075,111,-2.183079,41.513508
1076,111,-1.343136,56.669933
1077,111,-0.69319355,66.66683
1078,111,-0.38520557,71.835464
1079,112,-6.110195,7.126356
1080,112,-4.2160954,9.095435
1081,112,-2.2489908,34.047184
1082,112,-1.4951473,49.06455
1083,112,-1.161728,58.954006
1084,112,-1.2151507,64.22793
1085,113,-3.3371398,7.865321
1086,113,-3.0310297,11.959339
1087,113,-2.0697494,37.198673
1088,113,-1.0850693,57.176548
1089,113,-0.06415462,72.27739
1090,113,-0.40306914,82.17002
1091,113,-0.35027933,87.556854
1092,114,-8.425189,9.99114
1093,114,-5.162268,25.163122
1094,114,-4.0894675,35.0212
1095,114,-3.3040833,45.54308
1096,114,-3.071399,50.36293
1097,115,-6.501589,11.531944
1098,115,-4.645366,21.499166
1099,115,-3.6847892,29.207865
1100,115,-2.9434853,35.54365
1101,115,-2.302757,40.001945
1102,115,-2.1351027,43.074364
1103,116,-4.4154663,8.804972
1104,116,-3.627806,11.084167
1105,117,-5.1444645,4.6224546
1106,117,-5.635403,5.1080284
1107,117,-1.9856566,15.166835
1108,117,-1.6512927,23.183985
1109,117,-1.6035386,29.143929
1110,117,-1.724899,34.92502
1111,117,-1.9968221,37.294136
1112,118,-2.38,10.0
1113,119,-2.32,10.0
1114,120,-4.989103,8.460747
1115,120,-5.7034326,10.748316
1116,120,-6.187885,19.17722
1117,120,-6.339826,27.433191
1118,120,-6.4464374,35.789345
1119,120,-6.5039496,44.343174
1120,120,-6.4519095,53.09859
1121,120,-6.456497,61.364117
1122,120,-6.294848,69.73766
1123,120,-6.2465863,78.492836
1124,120,-6.0282626,86.870056
1125,120,-5.8666043,95.146355
1126,120,-5.708791,104.10313
1127,120,-5.4488864,112.28855
1128,121,-7.984982,4.960196
1129,121,-6.4477506,10.602817
1130,121,-6.1916723,19.27422
1131,121,-6.1925006,27.734476
1132,121,-6.552259,36.07422
1133,121,-6.609771,44.628048
1134,121,-6.5047965,52.997917
1135,121,-6.5622993,61.454502
1136,121,-6.40066,69.92529
1137,121,-6.2994733,78.39216
1138,121,-6.1378245,86.76571
1139,121,-5.9799824,95.43074
1140,121,-5.822121,103.90128
1141,121,-5.55092,112.476425
1142,122,-1.7090681,3.6135387
1143,122,-1.1347607,10.840616
1144,122,-0.8629723,15.728931
1145,122,-0.5438287,19.954763
1146,122,-0.31964734,24.873192
1147,122,-0.4740554,35.723846
1148,122,-0.47002518,45.841755
1149,122,-1.4770781,67.98472
1150,122,-2.7808564,102.33341
1151,123,-3.9075458,8.463364
1152,123,-2.6738634,13.327423
1153,123,-1.851617,14.462204
1154,123,-1.345821,13.117464
1155,123,-1.0294329,14.964607
1156,123,-0.7600375,21.245892
1157,123,-0.91770035,25.697533
1158,123,-1.3124511,30.819042
1159,123,-1.5492266,34.650803
1160,123,-1.7068895,39.10244
1161,123,-1.943415,45.46371
1162,123,-2.132448,52.44986
1163,123,-2.2106857,60.68327
1164,123,-2.3205438,68.92168
1165,123,-2.367224,76.51771
1166,124,-3.6703951,8.425871
1167,124,-2.1835027,15.779449
1168,124,-1.9930948,22.70561
1169,124,-2.0076551,35.355663
1170,124,-2.180378,47.398335
1171,124,-3.1269176,68.41677
1172,124,-3.994532,88.15796
1173,124,-4.4827056,107.83915
1174,124,-4.8758945,128.77011
1175,124,-5.0162473,148.39632
1176,124,-4.8082175,173.65892
1177,124,-4.4895797,198.27167
1178,125,-2.7697518,11.3924055
1179,125,-3.2437923,13.92405
1180,125,-3.8126411,21.518988
1181,125,-4.1918736,31.645569
1182,125,-5.1715574,51.898735
1183,125,-6.182844,77.21519
1184,125,-7.478555,126.582275
1185,125,-7.8577876,140.50633
1186,125,-7.9841986,162.02531
1187,125,-8.015801,184.81012
1188,125,-7.826185,203.79747
1189,125,-7.541761,217.72151
1190,125,-7.0045147,250.6329
1191,125,-6.024831,292.40506
1192,125,-4.5395036,355.6962
1193,125,-3.9706547,387.34177
1194,125,-3.6546276,410.1266
1195,125,-3.3069978,427.8481
1196,125,-3.0857787,454.4304
1197,125,-2.8961625,488.6076
1198,125,-2.6117382,518.98737
1199,125,-2.2325056,530.37976
1200,125,-1.8532732,540.50635
1201,125,-1.5688487,560.7595
1202,126,-12.021363,4.069656
1203,126,-11.002913,6.4132266
1204,126,-10.381821,11.987823
1205,126,-10.317029,22.085854
1206,126,-10.125039,31.529064
1207,126,-9.996539,42.24745
1208,126,-9.868257,51.07031
1209,126,-9.676195,61.145363
1210,126,-9.48406,71.852264
1211,126,-9.339725,81.935936
1212,127,-7.714052,2.6670392
1213,127,-7.0190024,5.0480866
1214,127,-6.355613,6.8039427
1215,127,-6.055372,8.636285
1216,127,-5.7386775,15.52004
1217,127,-5.296418,16.69061
1218,127,-5.0104704,29.899437
1219,127,-5.1672807,38.14664
1220,127,-5.63929,50.883247
1221,127,-6.032852,59.812176
1222,127,-6.4105425,69.36962
1223,127,-6.709371,78.278595
1224,127,-6.850226,87.786156
1225,127,-7.212127,97.34028
1226,127,-7.3213205,107.47303
1227,127,-7.3817344,128.33713
1228,127,-7.522506,138.47653
1229,127,-7.426276,149.82974
1230,127,-7.298302,162.43997
1231,127,-7.1551204,170.624
1232,127,-7.0745964,182.61237
1233,128,-3.205299,-2.0522325
1234,128,-2.3083322,2.7194607
1235,128,-1.7638551,5.074979
1236,128,-1.2668629,9.973042
1237,128,-1.0898503,14.9721985
1238,128,-1.280686,20.719461
1239,128,-1.4877768,25.208088
1240,128,-1.8378344,34.796967
1241,128,-2.0445411,41.18113
1242,128,-2.187764,45.017693
1243,128,-2.3622167,52.655434
1244,128,-2.4734416,56.481888
1245,128,-2.6477666,64.75147
1246,128,-2.8383462,71.76243
1247,129,-11.6380825,29.321941
1248,129,-11.323082,47.66988
1249,129,-10.802638,69.20034
1250,129,-10.487787,89.44221
1251,129,-10.252101,110.3054
1252,129,-10.063731,129.26866
1253,129,-9.812121,148.87123
1254,129,-9.513043,168.4798
1255,129,-9.245762,189.97829
1256,129,-9.025847,210.20818
1257,129,-8.710947,229.81873
1258,129,-8.364351,248.80197
1259,129,-8.176032,268.39655
1260,129,-7.877054,289.26773
1261,129,-7.672862,308.233
1262,129,-7.40553,329.1002
1263,129,-7.1856656,349.96136
1264,129,-7.044714,368.28735
1265,129,-6.7773314,388.52322
1266,129,-6.6207576,409.3764
1267,129,-6.400743,428.3437
1268,129,-6.291587,448.55957
1269,129,-6.1508355,469.41077
1270,130,-12.681875,22.876987
1271,130,-12.540022,29.839376
1272,130,-12.398319,38.695694
1273,130,-12.399171,49.42796
1274,130,-12.320909,60.170216
1275,130,-12.163884,75.34163
1276,130,-11.990987,89.88373
1277,130,-11.849785,105.05314
1278,130,-11.645743,125.91234
1279,130,-11.409455,139.19981
1280,130,-11.331544,154.36124
1281,131,-9.315315,15.796124
1282,131,-9.52027,22.74642
1283,131,-9.740991,31.592249
1284,131,-9.662162,40.43808
1285,131,-9.488739,50.5476
1286,131,-9.378378,61.288963
1287,131,-9.394144,81.508
1288,131,-9.52027,92.24937
1289,131,-9.614865,101.0952
1290,131,-9.882883,120.682396
1291,131,-10.1193695,141.53328
1292,131,-10.308558,161.75232
1293,131,-10.324325,181.97136
1294,131,-10.324325,200.92671
1295,131,-10.182432,261.58383
1296,131,-10.1193695,300.7582
1297,131,-10.135135,320.3454
1298,131,-10.009009,360.15164
1299,131,-9.882883,420.80875
1300,131,-9.835586,440.39597
1301,131,-9.819819,470.72452
1302,132,-11.688637,11.354079
1303,132,-11.975,15.769554
1304,132,-12.261364,20.815811
1305,132,-12.277273,29.646763
1306,132,-12.134091,41.00084
1307,132,-11.927273,51.093357
1308,132,-11.720454,61.18587
1309,132,-11.513637,70.647606
1310,132,-11.418181,79.47855
1311,132,-11.275,91.46342
1312,132,-11.131818,100.92515
1313,132,-11.147727,112.27923
1314,133,-7.1606336,10.135135
1315,133,-9.282805,19.636824
1316,133,-11.27828,39.907093
1317,133,-11.990951,58.910473
1318,133,-12.877828,79.18074
1319,133,-13.717195,101.35135
1320,133,-14.287331,119.08784
1321,133,-14.683258,139.35811
1322,133,-14.809955,157.72804
1323,133,-14.809955,169.13007
1324,133,-14.841629,191.30067
1325,133,-14.651584,210.30405
1326,133,-14.651584,224.8733
1327,133,-14.493213,239.44257
1328,133,-14.303167,261.6132
1329,133,-14.049774,284.41724
1330,133,-13.780543,309.75507
1331,133,-13.4638,330.65878
1332,133,-13.194571,354.72974
1333,133,-12.81448,381.33447
1334,133,-12.339367,414.9071
1335,133,-11.848416,449.1132
1336,133,-11.452489,470.65033
1337,133,-10.803167,503.58954
1338,133,-10.343891,528.29395
1339,134,-12.846154,109.58615
1340,134,-13.083711,117.820946
1341,134,-13.4638,126.05574
1342,134,-13.764706,138.09122
1343,134,-14.0181,150.1267
1344,134,-14.176471,160.89526
1345,134,-14.303167,175.46452
1346,134,-14.287331,197.0017
1347,134,-14.319004,214.73817
1348,134,-14.223982,233.74155
1349,134,-14.065611,248.3108
1350,134,-13.400453,312.28885
1351,134,-12.877828,350.2956
1352,134,-12.307693,391.4696
1353,134,-11.769231,428.8429
1354,134,-11.199095,467.4831
1355,134,-10.660633,506.12332
1356,134,-10.058824,550.46454
1357,134,-9.472851,594.1723
1358,134,-8.760181,643.58105
1359,134,-7.984163,687.9223
1360,134,-7.572398,715.79395
1361,134,-7.0497737,743.0321
1362,135,-7.7603874,16.35777
1363,135,-6.8590484,23.427994
1364,135,-6.6222095,29.78179
1365,135,-6.686251,39.259453
1366,135,-6.7502427,48.104736
1367,135,-6.5765944,53.18577
1368,135,-6.5617733,65.83533
1369,135,-7.085472,85.37299
1370,135,-7.576374,90.36998
1371,135,-8.14719,105.475006
1372,135,-8.876033,118.0305
1373,135,-9.716234,138.16052
1374,135,-10.52484,158.92693
1375,135,-11.017645,187.95427
1376,135,-11.240614,206.26521
1377,135,-11.368147,218.26437
1378,135,-11.432989,237.86008
1379,135,-11.339906,261.27008
1380,135,-11.262395,281.51614
1381,135,-11.026858,304.31177
1382,135,-10.869683,317.61172
1383,136,-4.1029787,4.4306087
1384,136,-4.213423,4.915314
1385,136,-4.3407917,5.3574967
1386,136,-4.4935246,5.6936135
1387,136,-4.6546717,5.923902
1388,136,-4.8581796,6.132452
1389,136,-5.0150537,6.2993755
1390,136,-5.1082854,6.319203
1391,136,-5.2269406,6.3386726
1392,136,-5.3541417,6.4848723
1393,136,-5.527953,6.6304154
1394,136,-5.6764364,6.94545
1395,136,-5.841905,7.3236704
1396,136,-5.956562,7.766032
1397,136,-6.0415945,8.272238
1398,136,-6.092693,8.715495
1399,136,-6.118392,9.201395
1400,136,-6.1271296,9.666392
1401,136,-6.101886,9.983875
1402,136,-6.017524,10.661602
1403,136,-5.713495,12.526367
1404,136,-5.409466,14.391132
1405,136,-4.9660144,16.976685
1406,136,-4.7337193,18.311893
1407,136,-4.5394998,19.540855
1408,136,-4.2821403,21.510672
1409,136,-4.1260204,22.675673
1410,136,-4.007904,23.607578
1411,136,-3.9573562,24.136835
1412,136,-3.915211,24.539124
1413,137,-4.3346753,2.0383177
1414,137,-4.513095,2.8391922
1415,137,-4.700073,3.7879386
1416,137,-4.865816,4.652417
1417,137,-5.035869,5.6436853
1418,137,-5.1508613,6.678014
1419,137,-5.2275987,7.5014634
1420,137,-5.2619877,8.367793
1421,137,-5.2751303,9.128714
1422,137,-5.267039,9.805366
1423,137,-5.2084236,11.053559
1424,137,-5.0653744,12.85263
1425,137,-4.8673244,14.800468
1426,137,-4.736628,15.965111
1427,137,-4.5005507,18.103762
1428,137,-4.03249,22.127304
1429,137,-3.8934143,23.461199
1430,137,-3.796508,24.435087
1431,138,-4.1439033,1.8718721
1432,138,-4.1484995,2.5060618
1433,138,-4.1402764,2.950156
1434,138,-4.093822,3.2256544
1435,138,-4.000698,3.3961012
1436,138,-3.8863642,3.5245638
1437,138,-3.755057,3.6109817
1438,138,-3.5645723,3.9519355
1439,138,-3.4927185,4.270076
1440,138,-3.5014205,4.6716475
1441,138,-3.539783,5.072801
1442,138,-3.6374793,5.494261
1443,138,-3.862449,6.18877
1444,138,-4.2104545,7.1563883
1445,138,-4.456562,7.766032
1446,138,-4.6815796,8.545108
1447,138,-4.8175907,9.2831545
1448,138,-4.894244,9.958612
1449,138,-4.907339,10.634966
1450,138,-4.8530207,11.988808
1451,138,-4.7860746,13.490821
1452,138,-4.6218867,15.374757
1453,138,-4.474421,16.856762
1454,138,-4.3353457,18.190657
1455,138,-4.137248,20.053928
1456,139,-1.8155305,1.9184189
1457,139,-6.351806,3.477118
1458,139,-12.5937,5.5918884
1459,139,-13.393363,7.631674
1460,139,-13.140795,9.565296
1461,139,-12.851369,10.703721
1462,139,-12.561944,11.842146
1463,139,-12.164005,13.435889
1464,139,-11.87532,15.597042
1465,139,-11.839944,16.8473
1466,139,-11.877624,18.77886
1467,139,-11.915138,20.483149
1468,139,-11.809998,25.597557
1469,139,-11.849898,30.5973
1470,139,-11.780956,35.597816
1471,139,-11.784494,40.484177
1472,140,-2.963038,0.8198286
1473,140,-4.1078076,1.7603872
1474,140,-6.6699862,3.7627501
1475,140,-7.6685605,5.720742
1476,140,-7.685089,7.991394
1477,140,-7.2472467,10.022134
1478,140,-6.991963,11.036471
1479,140,-6.5723023,13.067727
1480,140,-6.3709016,14.991668
1481,140,-6.2947044,19.75689
1482,140,-7.08725,29.995201
1483,140,-7.752939,39.66237
1484,140,-8.290944,49.89346
1485,140,-8.247309,59.881023
1486,141,-5.549199,0.56947607
1487,141,-7.368421,1.7084283
1488,141,-8.352403,2.5056949
1489,141,-9.096109,3.5307517
1490,141,-9.679634,4.4419136
1491,141,-9.874142,5.694761
1492,141,-9.679634,6.6059227
1493,141,-9.370709,7.403189
1494,141,-8.993135,8.656036
1495,141,-8.604119,9.453303
1496,141,-8.283752,10.70615
1497,141,-7.98627,12.528474
1498,141,-7.8146453,14.578588
1499,141,-7.8718534,19.703873
1500,141,-7.9633865,24.601366
1501,141,-8.043478,29.612757
1502,141,-8.112128,34.51025
1503,141,-8.203661,39.635536
1504,141,-8.272311,44.646923
1505,141,-8.306636,49.54442
1506,141,-8.363844,54.669704
1507,141,-8.386727,59.453304
1508,141,-8.409611,64.46469
1509,141,-8.409611,69.70387
1510,141,-8.352403,74.829155
1511,141,-8.329519,79.726654
1512,141,-8.226544,84.738045
1513,141,-8.318078,90.09112
1514,141,-8.135012,91.91344
1515,142,-4.3287673,1.5909091
1516,142,-6.520548,5.0
1517,142,-8.0,10.227273
1518,142,-7.739726,15.113636
1519,142,-7.589041,19.886364
1520,142,-7.5068493,24.886364
1521,142,-7.7260275,30.113636
1522,142,-8.260274,39.772728
1523,142,-8.643836,49.772728
1524,142,-8.972603,59.772728
1525,142,-9.054794,68.63636
1526,143,-13.333333,17.04142
1527,143,-13.259259,28.047337
1528,143,-13.101851,36.923077
1529,143,-12.990741,42.60355
1530,143,-12.824074,49.349113
1531,143,-12.675926,57.159763
1532,143,-12.574074,61.775146
1533,144,-13.185185,17.730497
1534,144,-13.37963,26.595745
1535,144,-13.324074,46.09929
1536,144,-13.027778,66.666664
1537,144,-12.787037,80.49645
1538,144,-12.601851,90.78014
1539,144,-12.490741,96.80851
1540,144,-12.398149,101.41844
1541,145,-1.4602885,1.0889275
1542,145,-3.9522579,2.0697865
1543,145,-6.9122,4.0544004
1544,145,-8.878881,6.1852427
1545,145,-9.695472,8.230302
1546,145,-9.758771,10.192631
1547,145,-9.702715,12.192509
1548,145,-9.525729,14.422261
1549,146,-7.6761565,1.7598968
1550,146,-9.699644,3.0141997
1551,146,-12.41637,5.0157776
1552,146,-13.286121,7.1285143
1553,146,-13.508897,8.9493685
1554,146,-13.510321,11.040591
1555,146,-13.281138,12.908061
1556,147,-6.896855,0.8017786
1557,147,-9.337462,1.4189832
1558,147,-10.759046,1.9136976
1559,147,-11.817599,2.4965043
1560,147,-12.5162945,3.6288383
1561,147,-13.91104,5.508977
1562,147,-14.325233,7.5731306
1563,147,-13.945414,10.507858
1564,147,-13.882749,11.971307
1565,147,-13.659457,16.516584
1566,147,-13.365569,21.371721
1567,147,-13.291931,26.52777
1568,147,-12.997515,31.306002
1569,147,-12.837417,34.464737
1570,148,-7.730364,0.50404805
1571,148,-9.286636,1.0812223
1572,148,-11.222509,1.8029076
1573,148,-13.3103075,2.5977192
1574,148,-15.13471,3.7050579
1575,148,-16.24123,5.1353703
1576,148,-16.36346,6.6649256
1577,148,-16.113407,9.352311
1578,148,-15.85991,11.42683
1579,148,-15.874543,14.031514
1580,148,-15.622337,16.335857
1581,148,-15.636539,18.863934
1582,148,-15.499678,21.4721
1583,148,-15.445879,25.380865
1584,149,-3.952482,5.1642137
1585,149,-4.099573,6.1692376
1586,149,-4.409484,7.023217
1587,149,-4.8667865,7.3403964
1588,149,-5.3472695,8.04348
1589,149,-5.7657075,8.899551
1590,149,-5.881821,9.749795
1591,149,-5.9048963,10.675338
1592,149,-5.811663,11.752822
1593,149,-5.633114,13.059936
1594,149,-5.1442327,15.671624
1595,149,-4.585419,19.12997
1596,149,-3.878944,24.512758
1597,149,-3.428462,28.975384
1598,149,-3.0943336,33.05479
1599,149,-2.6120927,41.37138
1600,149,-2.3161983,48.149727
1601,149,-2.0824091,54.46672
1602,149,-1.7083194,64.71268
1603,149,-1.2476968,81.432655
1604,149,-1.1149228,86.518135
1605,150,-4.3764133,4.350075
1606,150,-4.738029,5.076565
1607,150,-5.481992,6.221578
1608,150,-6.2466264,7.36699
1609,150,-6.690849,8.506227
1610,150,-7.114199,10.672947
1611,150,-7.341188,12.733095
1612,150,-7.4131985,14.48189
1613,150,-7.329991,17.15279
1614,150,-7.174612,18.897203
1615,150,-6.770992,21.56193
1616,150,-5.684202,29.35292
1617,150,-5.3632493,32.12203
1618,150,-5.124863,35.50946
1619,150,-4.5647225,45.777527
1620,150,-3.4552982,63.641373
1621,150,-2.283518,83.25142
1622,150,-1.101382,102.96406
1623,151,-4.128272,4.756447
1624,151,-4.9134784,6.4161987
1625,151,-5.926034,8.285909
1626,151,-6.525174,10.044863
1627,151,-6.9073415,11.388481
1628,151,-7.020816,12.521343
1629,151,-6.9999037,13.754404
1630,151,-6.834309,14.881887
1631,151,-6.482649,16.108574
1632,151,-5.8515797,19.077282
1633,151,-5.1270266,24.408327
1634,151,-4.5986347,30.873829
1635,151,-3.167997,52.843025
1636,151,-2.7009394,62.804523
1637,151,-2.1917973,76.56839
1638,151,-1.9211814,86.2253
1639,151,-1.6691543,106.5726
1640,152,-18.550869,9.9735775
1641,152,-18.341124,20.110813
1642,152,-18.356817,29.970327
1643,152,-18.242554,35.03878
1644,152,-18.109468,40.247746
1645,152,-18.032764,45.31686
1646,152,-17.937502,49.681416
1647,152,-17.841974,54.891045
1648,152,-17.746447,60.100674
1649,152,-17.651096,64.746925
1650,152,-17.536835,69.81538
1651,152,-17.422527,75.02467
1652,152,-17.345955,79.67125
1653,152,-17.23165,84.88055
1654,152,-17.040771,94.73643
1655,152,-16.718615,104.0266
1656,153,-6.7413282,1.4557337
1657,153,-6.100277,9.613529
1658,153,-6.0971475,19.613556
1659,153,-6.5077777,27.649021
1660,153,-6.598897,36.523937
1661,153,-6.5772963,45.537716
1662,153,-6.499358,54.550503
1663,153,-6.478066,62.578365
1664,153,-6.2874084,71.73001
1665,153,-6.191352,78.62979
1666,153,-5.982268,86.65434
1667,153,-5.8858147,94.821724
1668,153,-5.732495,104.67826
1669,153,-5.467161,112.420135
1670,154,-8.624222,1.0847222
1671,154,-10.8919525,6.0209265
1672,154,-10.51749,10.983335
1673,154,-10.739389,16.039001
1674,154,-11.208979,21.042627
1675,154,-11.788641,25.995571
1676,154,-12.166521,31.09928
1677,154,-12.443315,35.708122
1678,155,-0.46769887,4.8031874
1679,155,-0.23433572,14.740543
1680,155,-0.23846781,24.822388
1681,155,-0.24171236,34.742702
1682,155,-0.24609423,37.243904
1683,155,-0.24511634,39.82431
1684,155,-0.2468117,42.566723
1685,155,-0.24677715,43.615112
1686,155,-0.24584976,44.663258
1687,156,-1.230403,2.589699
1688,156,-0.7878393,12.552954
1689,156,-0.5320174,17.612015
1690,156,-0.37642002,21.599634
1691,156,-0.4857373,22.585524
1692,157,-3.0250416,4.5832505
1693,157,-3.3019547,24.814604
1694,157,-3.094157,43.885303
1695,157,-2.8678792,61.143604
1696,157,-2.629319,78.10077
1697,157,-2.4152608,94.14832
1698,157,-2.2011275,108.38163
1699,157,-1.9748245,125.03518
1700,157,-1.9442753,128.06203
1701,157,-1.8891737,130.78897
1702,158,-12.421149,8.845858
1703,158,-12.046491,17.79917
1704,158,-11.541946,27.595726
1705,158,-11.553262,37.658115
1706,158,-11.435557,47.707558
1707,158,-11.209471,58.6024
1708,158,-11.242939,68.02481
1709,158,-11.017936,77.84941
1710,158,-11.136984,87.70854
1711,158,-10.9975605,97.96988
1712,158,-10.880073,107.805275
1713,158,-11.020407,117.88061
1714,158,-10.859914,127.71169
1715,158,-10.655764,138.1806
1716,158,-10.323678,147.56631
1717,159,-11.305151,6.59318
1718,159,-11.51498,11.751897
1719,159,-11.054092,20.910627
1720,159,-10.325195,39.88965
1721,159,-9.74682,58.883774
1722,159,-9.641515,77.92537
1723,159,-9.665446,96.76586
1724,159,-9.8826885,115.83982
1725,159,-9.970913,134.90083
1726,159,-9.736372,154.14354
1727,159,-9.545271,172.96245
1728,159,-8.988182,192.17278
1729,159,-7.850724,211.11081
1730,159,-6.390935,229.80241
1731,159,-4.9089923,249.134
1732,159,-3.319967,268.02673
1733,160,-13.865006,5.8867373
1734,160,-14.7649975,9.081051
1735,160,-14.267281,12.135111
1736,160,-13.487118,28.647192
1737,160,-12.998874,43.583046
1738,160,-12.521599,58.30593
1739,160,-12.323323,73.59199
1740,160,-12.017856,88.54618
1741,160,-11.701746,103.39227
1742,160,-11.406706,118.66862
1743,160,-11.004692,133.39905
1744,160,-10.50548,148.54787
1745,160,-9.8560705,163.36052
1746,160,-8.991196,178.57968
1747,160,-8.158792,193.58804
1748,160,-7.33714,208.59747
1749,161,0.0,10.0
1750,162,-3.3641093,2.0454133
1751,162,-4.4168224,4.2867074
1752,162,-4.5440917,6.3945646
1753,162,-4.22845,10.446734
1754,162,-3.0093322,15.422928
1755,162,-2.0711231,26.095652
1756,162,-1.9090277,31.19413
1757,162,-0.47179756,68.8159
1758,162,-0.1312015,110.37016
1759,162,-0.13260193,148.92935
1760,162,-0.17353748,189.18008
1761,163,-3.4729495,9.913794
1762,163,-2.582897,14.870689
1763,163,-2.181501,18.103449
1764,163,-1.5357766,25.215517
1765,163,-0.8376963,33.405174
1766,163,-0.65445024,34.91379
1767,163,-0.4537522,38.793102
1768,163,-0.37521815,39.655174
1769,163,-0.32286212,42.672413
1770,163,-0.2792321,44.396553
1771,163,-0.2705061,46.551723
1772,163,-0.11343805,59.698277
1773,163,-0.10471204,80.38793
1774,163,-0.11343805,100.215515
1775,164,-0.023367617,40.121014
1776,164,-0.03249953,84.54535
1777,164,-0.06108983,107.58878
1778,164,-0.07465465,130.5587
1779,164,-0.13501698,153.48337
1780,164,-0.14365634,197.91336
1781,165,-0.01950085,25.158335
1782,165,-0.0519381,40.039017
1783,165,-0.0486488,53.853767
1784,166,-0.036159653,17.340534
1785,166,-0.03983393,36.979755
1786,166,-0.05236554,55.779236
1787,167,-6.3626943,0.48043925
1788,167,-5.5129533,2.8483186
1789,167,-4.849741,3.9121482
1790,167,-4.5181346,4.873027
1791,167,-3.9378238,5.9025393
1792,167,-1.9689119,12.800275
1793,167,-0.8704663,22.580645
1794,167,-0.1865285,30.576527
1795,167,0.062176164,34.900482
1796,167,0.0,39.94509
1797,168,-12.898449,0.019958436
1798,168,-13.398562,5.0188813
1799,168,-12.69869,9.830639
1800,168,-12.598801,14.876352
1801,168,-12.800331,19.945574
1802,168,-13.0957,25.022112
1803,168,-13.396764,30.005512
1804,168,-13.495925,35.06675
1805,168,-13.697469,39.948807
1806,168,-13.694262,45.00206
1807,168,-13.799117,49.970158
1808,168,-13.798754,55.023632
1809,168,-13.795552,59.983303
1810,168,-13.792358,64.849396
1811,168,-13.391036,70.05877
1812,169,-0.9856347,30.20496
1813,169,-1.001472,50.2753
1814,169,-1.0737748,70.84872
1815,169,-1.1522646,80.0973
1816,169,-1.2120322,102.217415
1817,169,-1.2404008,120.22635
1818,169,-1.2938831,140.80363
1819,169,-1.1623007,161.93375
1820,169,-1.1185278,180.47223
1821,169,-1.0746682,187.68716
1822,169,-0.6829474,236.66504
1823,169,-0.34455535,286.14664
1824,169,-0.33540878,320.63394
1825,169,-0.29163978,339.68713
1826,169,-0.30738655,347.91922
1827,170,-0.30195132,47.33107
1828,170,-0.3900639,84.37188
1829,170,-0.40289825,121.942894
1830,170,-0.3214921,141.51854
1831,170,-0.39065033,161.0632
1832,170,-0.50058246,180.08475
1833,170,-0.4128989,199.14699
1834,170,-0.37226272,217.68483
1835,170,-0.416319,236.20523
1836,171,-1.9324946,19.276064
1837,171,-2.020932,28.077106
1838,171,-2.0457602,37.328735
1839,171,-2.0595326,45.653618
1840,171,-2.023523,54.43165
1841,171,-1.9626182,64.129776
1842,171,-1.8574748,72.43266
1843,171,-1.7495598,81.659744
1844,171,-1.6112275,90.418846
1845,171,-1.4977815,99.644905
1846,171,-0.2085248,181.24277
1847,171,-0.1863581,187.7116
1848,171,-0.20843302,195.11331
1849,171,-0.230511,202.05267
1850,172,-2.1482084,18.391254
1851,172,-2.2917597,56.793015
1852,172,-2.131111,94.67616
1853,172,-1.8847381,131.61876
1854,172,-1.453081,168.06473
1855,172,-1.0048157,206.8194
1856,172,-0.5316734,243.72005
1857,172,-0.26317978,280.1962
1858,172,-0.262932,317.64667
1859,173,-2.4661229,36.019424
1860,173,-2.651187,69.80534
1861,173,-2.523632,121.56517
1862,173,-2.0144925,165.39444
1863,173,-1.4998373,206.91093
1864,173,-1.154002,229.50223
1865,173,-0.70308435,251.14937
1866,173,-0.5259527,272.3848
1867,173,-0.4041338,293.16812
1868,174,-0.081555836,20.558002
1869,174,-0.112923466,40.602055
1870,174,-0.106649935,59.61821
1871,174,-0.11919699,80.17621
1872,174,-0.1599749,100.22026
1873,174,-0.17879549,120.26432
1874,174,-0.20075282,140.82233
1875,174,-0.21643664,159.32452
1876,174,-0.26035133,179.88252
1877,175,-0.6441256,82.26074
1878,175,-0.14897043,141.55406
1879,175,-0.19314872,176.03038
1880,175,-0.18392736,200.73825
1881,175,-0.1903898,225.44289
1882,175,-0.19677351,239.85338
1883,175,-0.19370365,248.60405
1884,176,-2.3619823,32.892803
1885,176,-2.3243413,53.964756
1886,176,-2.2553325,73.49486
1887,176,-2.1518192,92.51102
1888,176,-2.0765371,113.069016
1889,176,-0.18820578,242.07048
1890,176,-0.1944793,258.51688
1891,176,-0.2195734,272.39352
1892,176,-0.18506901,287.81204
1893,176,-0.23212045,302.71658
1894,177,-2.4716537,36.020447
1895,177,-2.6484275,68.88013
1896,177,-2.6067464,98.92529
1897,177,-2.1944692,132.1384
1898,177,-1.5443634,164.84515
1899,177,-0.91361904,197.09314
1900,177,-0.44602904,230.75835
1901,177,-0.3047691,264.02158
1902,177,-0.3073174,296.84903
1903,178,-2.3057187,36.914463
1904,178,-2.4935575,69.313835
1905,178,-2.4020762,102.58626
1906,178,-2.2609265,119.20483
1907,178,-2.2110345,136.30263
1908,178,-1.9343822,151.97142
1909,178,-1.7130426,167.18811
1910,178,-1.4612643,185.17326
1911,178,-1.3090526,201.78978
1912,179,-0.899847,10.037497
1913,179,-0.40039197,20.040792
1914,179,-0.29814473,30.180895
1915,179,-0.30307657,40.302734
1916,180,-16.679287,1.2173839
1917,180,-16.255833,2.0465055
1918,180,-15.7976055,3.6889694
1919,180,-15.657672,5.7244773
1920,180,-15.800135,7.3425555
1921,180,-15.802663,10.996141
1922,180,-15.592621,13.846426
1923,180,-15.085418,21.309715
1924,180,-14.612332,27.012436
1925,180,-13.423782,45.599773
1926,180,-13.092972,52.649937
1927,180,-12.480983,61.876663
1928,180,-11.433022,79.37572
1929,180,-10.838887,88.87237
1930,180,-10.1573515,99.72578
1931,180,-9.652584,110.70734
1932,180,-9.145849,118.84721
1933,180,-8.607151,131.85997
1934,180,-8.345699,137.01282
1935,180,-8.259797,140.53467
1936,181,-17.22763,2.1423755
1937,181,-17.088165,4.8544736
1938,181,-15.713576,9.917184
1939,181,-15.0455885,14.8158865
1940,181,-14.76647,19.969446
1941,181,-13.730838,29.754658
1942,181,-13.614097,39.773212
1943,181,-12.514913,59.84546
1944,181,-11.292057,79.92273
1945,181,-10.015732,99.32556
1946,181,-8.986937,118.98899
1947,181,-7.8884087,140.00847
1948,181,-7.017402,157.9063
1949,181,-6.0418897,177.97353
1950,181,-5.5011315,188.0093
1951,181,-4.977947,197.90903
1952,181,-4.8049254,203.1936
1953,181,-4.437095,207.80948
1954,181,-4.3338065,211.738
1955,182,-0.5129706,1.8920145
1956,182,-0.7222526,3.9002972
1957,182,-0.8195208,4.9705853
1958,182,-0.9020524,5.840389
1959,182,-0.95064664,7.8397593
1960,182,-0.8842497,9.965863
1961,182,-0.5185143,14.870711
1962,182,-0.12624325,19.774086
1963,182,-0.05239746,24.761679
1964,182,-0.04769958,34.877907
1965,183,-0.37293255,1.4849125
1966,183,-0.88147336,3.6429048
1967,183,-1.0023341,4.514834
1968,183,-1.0789653,5.5174217
1969,183,-1.0744866,7.5804043
1970,183,-0.9491235,9.6366825
1971,183,-0.5509575,14.473175
1972,183,-0.17342487,19.51048
1973,183,-0.055356726,24.362509
1974,183,-0.06245244,34.47939
1975,184,-1.27,7.24
1976,185,-0.2,8.35
1977,186,-3.7333333,1.0295359
1978,186,-3.5866666,5.164557
1979,186,-3.4933333,6.9029536
1980,186,-3.4,8.523207
1981,186,-3.3333333,9.974684
1982,187,-8.747772,2.2620308
1983,187,-6.5391655,4.1134477
1984,187,-5.7261744,5.2983394
1985,187,-4.623627,7.4739757
1986,187,-4.005471,9.278059
1987,187,-3.4259818,10.991707
1988,187,-2.7302432,12.798099
1989,187,-2.3254406,14.595832
1990,187,-1.881345,16.037598
1991,188,-0.7568519,2.5891364
1992,188,-1.8050997,3.182929
1993,188,-2.913416,5.114198
1994,188,-3.344762,8.40488
1995,188,-3.2310212,10.283235
1996,188,-2.4013934,13.432876
1997,188,-1.8611969,15.502492
1998,189,-3.2581692,6.014188
1999,189,-2.311127,11.325955
2000,189,-1.8279294,14.026903
2001,189,-1.2675718,17.267458
2002,189,-0.9393262,19.336926
2003,189,-0.74604714,20.417305
2004,190,-1.8374162,6.952106
2005,190,-1.9961631,9.007036
2006,190,-1.7462158,11.342818
2007,190,-0.44803306,16.306864
2008,191,-3.2613513,3.3874104
2009,191,-3.4442902,8.441092
2010,191,-2.4532442,11.665629
2011,191,-1.8118148,13.6372385
2012,192,-3.2613513,5.734244
2013,192,-2.2504022,6.3462687
2014,192,-1.9442761,10.7043705
2015,192,-1.8101633,12.483459
2016,192,-1.694302,13.374447
2017,193,-7.95928,0.1969853
2018,193,-5.426312,4.9037576
2019,193,-4.1607,10.387844
2020,193,-3.3680322,16.344088
2021,194,-3.9510088,4.451716
2022,194,-3.9903984,10.070162
2023,194,-3.3299391,15.381554
2024,195,-7.7406473,0.19967224
2025,195,-3.5243392,4.4270725
2026,195,-1.861253,8.762974
2027,195,-1.5789974,13.868178
2028,196,-0.0068518417,5.2939515
2029,196,-0.7641983,8.306742
2030,196,-0.84127873,13.404788
2031,197,-9.281106,1.7985611
2032,197,-9.18894,5.035971
2033,197,-6.479263,10.251799
2034,197,-4.78341,14.748201
2035,197,-3.3640554,24.640287
2036,197,-3.21659,30.03597
2037,197,-3.4009216,39.92806
2038,197,-2.9769585,50.0
2039,197,-2.903226,59.892086
2040,197,-2.294931,69.96403
2041,197,-2.110599,79.85612
2042,197,-2.516129,89.7482
2043,197,-2.313364,99.820145
2044,198,-3.759521,4.818827
2045,198,-7.271247,9.587432
2046,198,-6.7193775,14.580998
2047,198,-6.758616,19.193542
2048,198,-6.7679167,25.099821
2049,198,-6.6194754,30.128254
2050,198,-6.456751,35.011414
2051,198,-6.294026,39.894577
2052,198,-6.289915,44.647408
2053,198,-6.098125,49.816128
2054,198,-6.0363817,54.56398
2055,198,-5.9598565,59.742664
2056,198,-5.941213,64.638275
2057,198,-5.8648124,69.672935
2058,198,-5.803069,74.420784
2059,198,-5.7269177,79.1674
2060,198,-5.693368,84.63786
2061,198,-5.5592103,89.81156
2062,198,-5.497467,94.55942
2063,198,-5.3922505,99.59158
2064,198,-5.34504,104.196655
2065,198,-5.1818166,109.655914
2066,198,-5.1344814,114.405014
2067,198,-5.014732,119.57996
2068,198,-4.9527397,124.61586
2069,198,-4.7903886,129.06696
2070,198,-4.699331,134.38841
2071,198,-4.6257954,136.11049
2072,199,-14.014286,5.507956
2073,199,-15.0,12.117503
2074,199,-13.3714285,40.02448
2075,199,-12.514286,59.853123
2076,199,-11.442857,80.04896
2077,199,-10.6285715,100.2448
2078,199,-9.6,120.07344
2079,199,-8.442857,139.90208
2080,199,-7.457143,159.73073
2081,199,-6.5571427,179.92656
2082,199,-5.571429,199.7552
2083,199,-2.057143,307.71115
2084,200,-21.3,0.36719707
2085,200,-9.214286,4.773562
2086,200,-11.614285,10.281518
2087,200,-11.914286,15.055079
2088,200,-11.8714285,20.563036
2089,200,-12.428572,30.110159
2090,200,-12.557143,49.9388
2091,200,-12.171429,70.134636
2092,200,-11.485714,90.330475
2093,200,-10.671429,110.15912
2094,200,-9.728572,129.98776
2095,200,-8.785714,150.1836
2096,200,-7.8428574,170.01224
2097,200,-6.9428573,189.84088
2098,200,-5.957143,209.66953
2099,200,-4.9714284,230.23256
2100,200,-4.0285716,250.0612
2101,200,-3.1285715,269.52264
2102,200,-2.3142858,289.71848
2103,200,-2.1,300.3672
2104,200,-2.1,309.9143
2105,201,-19.028572,0.0
2106,201,-19.414286,4.406365
2107,201,-18.72857,7.7111382
2108,201,-17.785715,11.383109
2109,201,-17.657143,16.156672
2110,202,-16.114286,2.9375765
2111,202,-16.928572,6.976744
2112,202,-17.22857,10.281518
2113,202,-16.585714,19.828642
2114,202,-16.114286,30.477356
2115,202,-15.6,40.02448
2116,202,-15.085714,49.9388
2117,206,-8.412406,26.053598
2118,206,-9.04629,36.026493
2119,206,-9.188708,45.984005
2120,206,-9.433534,55.756927
2121,206,-9.780711,65.90864
2122,206,-9.933316,76.42985
2123,206,-10.198619,86.203415
2124,206,-10.504876,95.978264
2125,206,-10.5961,105.93417
2126,206,-10.738536,115.70389
2127,206,-10.748285,120.96241
2128,206,-10.68638,126.0309
2129,207,-9.944964,0.41747075
2130,207,-11.779609,0.90845835
2131,207,-12.117579,1.0322993
2132,207,-12.093775,2.047751
2133,207,-11.466523,3.0686727
2134,207,-10.670265,3.9642217
2135,207,-8.812316,6.011535
2136,207,-7.2681174,7.9291
2137,207,-6.206676,9.842289
2138,207,-5.8690786,10.860585
2139,207,-5.628033,11.878006
2140,207,-5.3869457,12.768522
2141,207,-5.194259,14.039314
2142,207,-4.881091,15.94572
2143,207,-4.327211,19.884779
2144,207,-3.2711377,38.1686
2145,207,-1.660435,58.107204
2146,207,-0.8463649,78.2924
2147,207,-0.34242466,87.30718
2148,208,-8.103514,0.23905165
2149,208,-7.8956394,0.9010828
2150,208,-8.612617,1.8995874
2151,208,-7.529424,2.8222284
2152,208,-7.26884,3.8818605
2153,208,-6.748095,5.8684998
2154,208,-6.278789,7.855412
2155,208,-5.860923,9.842597
2156,208,-5.6003385,10.902229
2157,208,-5.3914056,11.895822
2158,208,-5.131033,12.889141
2159,208,-4.8712955,13.683524
2160,208,-4.401355,15.869373
2161,208,-3.6687129,19.777977
2162,208,-3.6528366,24.751398
2163,209,-10.339506,0.265252
2164,209,-10.133745,0.928382
2165,209,-10.030864,1.9230769
2166,209,-9.927983,2.9840848
2167,209,-9.773663,4.045093
2168,209,-9.46502,6.1007957
2169,209,-9.156379,8.023872
2170,209,-8.796296,10.079576
2171,209,-8.641975,11.007957
2172,209,-8.436214,12.068966
2173,209,-8.281893,13.063661
2174,209,-8.127572,14.058355
2175,209,-7.81893,16.047745
2176,209,-7.2530866,20.092838
2177,209,-7.355967,24.801062
2178,210,-9.575685,0.22345787
2179,210,-9.368331,0.9542885
2180,210,-9.315297,1.8849974
2181,210,-10.34452,2.9515631
2182,210,-7.7655106,4.0085325
2183,210,-5.958206,5.998404
2184,210,-4.872442,8.0566845
2185,210,-4.0962734,9.91632
2186,210,-3.8367357,11.045947
2187,210,-3.6806092,11.976382
2188,210,-3.4727242,13.039658
2189,210,-3.2649453,14.036445
2190,210,-2.952586,15.963802
2191,210,-2.6883721,20.018946
2192,210,-2.6291738,24.806017
2193,211,-10.014979,0.24922119
2194,211,-8.992066,0.8085528
2195,211,-8.173798,1.0691023
2196,211,-7.4918904,1.3381479
2197,211,-6.946344,1.6156896
2198,211,-6.5599885,1.5916171
2199,211,-6.1730127,3.4367034
2200,211,-6.648313,9.385444
2201,211,-6.123324,16.206457
2202,211,-5.7130017,19.919287
2203,211,-4.573459,29.505806
2204,211,-4.1155143,39.75786
2205,211,-3.725956,49.391106
2206,211,-3.3590214,59.3373
2207,211,-3.0375404,69.28632
2208,211,-2.716163,78.92382
2209,211,-2.462759,89.188614
2210,211,-2.1640048,99.13905
2211,211,-1.8425239,109.08807
2212,212,-10.310078,3.0048623
2213,212,-8.75969,4.113452
2214,212,-7.3643413,5.1928687
2215,212,-5.968992,7.6726093
2216,212,-5.5038757,9.218801
2217,212,-4.418605,17.91248
2218,213,-10.284151,9.999208
2219,213,-10.850208,19.810925
2220,213,-11.302835,30.12183
2221,213,-11.330266,40.420868
2222,213,-11.329373,50.46794
2223,213,-11.31433,60.26344
2224,213,-11.299264,70.31011
2225,213,-11.071645,79.8485
2226,213,-11.042405,89.89478
2227,213,-10.559602,100.17958
2228,213,-10.303614,109.96835
2229,213,-10.047582,120.25948
2230,213,-9.536275,132.30173
2231,214,-8.7684,1.1656976
2232,214,-8.89587,2.1739647
2233,214,-8.909775,5.1884813
2234,214,-8.909351,9.96084
2235,214,-9.008095,15.238321
2236,214,-9.220246,20.26779
2237,214,-8.993029,25.284996
2238,214,-9.134315,30.312489
2239,214,-9.006376,34.578934
2240,215,-5.9046564,9.625806
2241,215,-6.102166,19.929592
2242,215,-6.5122957,29.988132
2243,215,-6.7665205,40.042324
2244,215,-6.9923763,50.3469
2245,215,-6.991506,60.142796
2246,215,-6.891423,69.93592
2247,215,-6.6779323,79.97706
2248,215,-6.294386,89.762276
2249,215,-6.010007,100.05261
2250,215,-5.456382,109.83308
2251,215,-4.888606,119.36197
2252,215,-4.0798187,129.63768
2253,215,-3.6112106,139.67169
2254,215,-2.8735573,146.93524
2255,216,,140.0
2256,216,,150.0
2257,216,,160.0
2258,216,,170.0
2259,216,,180.0
2260,216,,190.0
2261,216,,200.0
2262,217,,10.0
2263,217,,17.0
2264,217,,20.0
2265,217,,30.0
2266,217,,40.0
2267,217,,50.0
2268,217,,60.0
2269,217,,62.0
2270,217,,70.0
2271,217,,72.0
2272,217,,82.0
2273,217,,92.0
2274,217,,102.0
2275,217,,112.0
2276,217,,122.0
2277,218,,28.0
2278,218,,38.0
2279,218,,48.0
2280,218,,58.0
2281,218,,68.0
2282,218,,78.0
2283,218,,88.0
2284,219,-10.594919,1.4198451
2285,219,-10.415011,12.07767
2286,219,-10.0037,34.727386
2287,219,-9.772298,46.719276
2288,219,-9.47651,60.04605
2289,219,-9.090721,77.81454
2290,219,-8.7693405,94.69174
2291,220,-10.749615,1.4100418
2292,220,-10.28681,25.393824
2293,220,-9.87557,49.37434
2294,221,-10.9817295,2.7261355
2295,221,-10.338898,35.149746
2296,221,-9.708767,64.02374
2297,221,-9.040034,94.23099
2298,221,-8.654506,116.879074
2299,221,-8.397463,131.5342
2300,221,-8.050632,154.62343
2301,222,-11.1234865,1.82995
2302,222,-10.712105,23.148869
2303,222,-10.364942,40.027706
2304,222,-9.876449,65.78752
2305,222,-9.2462,92.44352
2306,222,-8.422961,126.209366
2307,222,-7.702971,162.18668
2308,222,-7.0987415,193.27704
2309,222,-6.7004647,218.58752
2310,223,-10.195336,2.3323693
2311,223,-9.256503,44.09036
2312,223,-8.677677,68.0815
2313,223,-8.292077,89.39878
2314,223,-7.9964557,105.83075
2315,223,-7.778087,120.48342
2316,223,-7.521638,146.22853
2317,223,-7.303507,165.3172
2318,223,-7.0339293,186.62712
2319,223,-6.8672442,203.49452
2320,223,-6.5592775,230.1301
2321,223,-6.173939,256.327
2322,223,-5.788506,280.74945
2323,224,-10.76253,1.8528244
2324,224,-10.453875,15.624015
2325,224,-10.1452675,30.282406
2326,224,-9.707699,44.061764
2327,224,-9.308852,58.725876
2328,224,-8.987353,73.38508
2329,224,-8.742941,83.15979
2330,225,-10.0664,1.8969393
2331,225,-9.332569,20.131084
2332,225,-8.534282,38.369312
2333,225,-8.019319,51.266376
2334,225,-7.414187,65.499954
2335,225,-6.8348856,80.6191
2336,225,-5.6505713,112.18983
2337,226,-4.3312005,2.10017392
2338,226,-8.6760768,4.9211349
2339,226,-10.897173,8.01075882
2340,226,-11.519841,11.3354628
2341,226,-11.373399,15.5333214
2342,226,-11.000361,21.8804836
2343,226,-10.847017,27.9925657
2344,226,-10.734294,34.9778024
2345,226,-10.6529,39.3435753
2346,226,-10.535576,47.604961
2347,227,-18.444,15.0
2348,227,-18.588,20.0
2349,227,-18.665,25.0
2350,227,-18.649,30.0
2351,227,-18.619,35.0
2352,227,-18.59,40.0
2353,227,-18.558,45.0
2354,227,-18.53,50.0
2355,227,-18.5,57.0
2356,227,-18.487,60.0
2357,227,-18.45,70.0
2358,227,-18.419,80.0
2359,227,-18.376,90.0
2360,227,-18.328,97.5
2361,227,-18.027,125.0
2362,227,-17.719,150.0
2363,227,-17.307,175.0
2364,227,-16.829,200.0
2365,227,-16.307,225.0
2366,227,-15.753,250.0
2367,227,-15.18,275.0
2368,227,-14.593,300.0
2369,228,-20.8843,10.0
2370,228,-21.1775,20.0
2371,228,-21.2803,30.0
2372,228,-21.2987,40.0
2373,228,-21.2584,50.0
2374,228,-21.1756,60.0
2375,228,-21.0797,70.0
2376,228,-20.9678,80.0
2377,228,-20.8403,90.0
2378,228,-20.7042,100.0
2379,228,-20.5652,110.0
2380,228,-20.411,120.0
2381,228,-20.2663,130.0
2382,228,-20.0978,140.0
2383,228,-19.91,150.0
2384,228,-19.7572,160.0
2385,228,-19.6137,170.0
2386,228,-19.5767,176.0
2387,229,-11.93,10.0
2388,229,-12.53,20.0
2389,229,-12.67,30.0
2390,229,-12.75,40.0
2391,229,-12.75,50.0
2392,229,-12.7,60.0
2393,229,-12.51,70.0
2394,229,-12.51,80.0
2395,229,-12.5,90.0
2396,229,-12.48,100.0
2397,229,-12.4,120.0
2398,229,-12.34,130.0
2399,229,-12.26,140.0
2400,229,-12.13,150.0
2401,229,-12.11,160.0
2402,229,-12.06,176.0
2403,230,-22.416,1.32
2404,230,-23.122,2.24
2405,230,-22.729,3.15
2406,230,-22.032,4.06
2407,230,-21.359,4.72
2408,230,-20.791,5.33
2409,230,-19.666,6.1
2410,230,-18.688,7.62
2411,230,-17.921,9.14
2412,230,-17.441,10.67
2413,230,-17.166,12.19
2414,230,-17.164,13.72
2415,230,-17.068,15.24
2416,230,-17.084,16.76
2417,230,-17.16,18.29
2418,230,-17.11,19.81
2419,230,-17.116,21.34
2420,230,-17.102,22.87
2421,230,-17.088,24.38
2422,230,-17.029,30.48
2423,230,-16.958,38.1
2424,230,-16.912,45.72
2425,230,-16.86,53.34
2426,230,-16.808,60.96
2427,230,-16.731,68.58
2428,230,-16.665,76.2
2429,230,-16.574,83.82
2430,230,-16.484,91.44
2431,230,-16.374,99.06
2432,230,-16.236,106.68
2433,230,-16.11,114.3
2434,230,-15.96,121.16
2435,231,-18.5,9.0
2436,231,-16.7,19.0
2437,231,-15.7,29.0
2438,231,-14.9,40.0
2439,231,-13.5,70.0
2440,231,-12.5,94.0
2441,231,-11.5,121.0
2442,231,-10.0,146.0
2443,231,-9.0,178.0
2444,231,-8.0,201.0
2445,231,-6.9,226.0
2446,231,-5.1,246.0
2447,231,-3.0,267.0
2448,231,-1.5,288.0
2449,232,-21.0,10.0
2450,232,-16.0,345.0
2451,233,-16.664,80.0
2452,233,-16.845,90.0
2453,233,-16.994,100.0
2454,233,-17.116,110.0
2455,233,-17.214,120.0
2456,233,-17.277,120.0
2457,233,-17.28,130.0
2458,233,-17.335,140.0
2459,233,-17.385,140.0
2460,233,-17.353,150.0
2461,233,-17.356,160.0
2462,233,-17.434,160.0
2463,233,-17.364,180.0
2464,233,-17.214,200.0
2465,233,-17.013,220.0
2466,233,-16.777,240.0
2467,233,-16.505,260.0
2468,233,-16.222,280.0
2469,233,-15.93,300.0
2470,233,-15.626,320.0
2471,233,-15.333,340.0
2472,233,-15.035,360.0
2473,233,-14.737,380.0
2474,233,-14.44,400.0
2475,233,-14.277,410.0
2476,233,-14.146,420.0
2477,234,-22.46,13.04
2478,234,-22.74,23.04
2479,234,-22.76,33.04
2480,234,-22.73,38.04
2481,234,-22.7,43.04
2482,234,-22.69,48.04
2483,234,-22.64,53.04
2484,234,-22.62,58.04
2485,234,-22.58,63.04
2486,234,-22.54,68.04
2487,234,-22.515,73.04
2488,234,-22.47,78.04
2489,234,-22.415,83.04
2490,234,-22.39,88.04
2491,234,-22.34,93.04
2492,234,-22.3,98.04
2493,234,-22.246,103.04
2494,234,-22.19,108.04
2495,234,-22.14,113.04
2496,234,-22.086,118.04
2497,234,-22.03,123.04
2498,234,-21.97,128.04
2499,234,-21.85,138.04
2500,234,-21.73,148.04
2501,234,-21.61,158.04
2502,234,-21.46,168.04
2503,234,-21.32,178.04
2504,234,-21.18,188.04
2505,234,-21.03,198.04
2506,234,-20.88,208.04
2507,234,-20.73,218.04
2508,235,-23.154227,8.80597402
2509,235,-23.036104,13.0517499
2510,235,-23.002101,20.2766594
2511,235,-23.001725,29.2033172
2512,235,-23.035012,38.9815653
2513,235,-23.026175,48.7580228
2514,235,-22.975162,59.8079266
2515,235,-22.91585,67.8819197
2516,235,-22.847988,78.9311073
2517,235,-22.763312,89.1294208
2518,235,-22.644974,98.4761439
2519,235,-22.501308,109.09703
2520,235,-22.37451,119.293553
2521,235,-22.214013,129.488643
2522,235,-22.036703,138.832859
2523,235,-21.867799,148.602513
2524,235,-21.673586,159.22125
2525,235,-21.471002,168.564392
2526,235,-21.276771,179.608208
2527,235,-21.057302,189.800791
2528,235,-20.854701,199.569012
2529,235,-20.618365,210.185959
2530,235,-20.390507,219.528026
2531,235,-20.162613,229.720252
2532,235,-19.917871,239.911761
2533,235,-19.673128,250.103271
2534,235,-19.428367,260.719859
2535,235,-19.183643,270.486289
2536,235,-18.922069,280.252003
2537,235,-18.652088,289.592281
2538,235,-18.415806,298.93399
2539,236,-22.803542,9.59283164
2540,236,-22.930142,15.5143062
2541,236,-23.098954,23.9745763
2542,236,-23.141292,32.4455647
2543,236,-23.133074,42.6157526
2544,236,-23.099553,52.3643561
2545,236,-23.049177,62.5381168
2546,236,-22.973524,73.5614772
2547,236,-22.889413,83.314368
2548,236,-22.796861,92.6442453
2549,236,-22.6706,102.824437
2550,236,-22.527484,113.429786
2551,236,-22.359056,123.189822
2552,236,-22.215923,132.947715
2553,236,-22.022208,143.133623
2554,236,-21.862238,154.164129
2555,236,-21.668515,163.926309
2556,236,-21.483214,173.264046
2557,236,-21.272636,183.451383
2558,236,-21.062059,193.63872
2559,236,-20.851472,203.402329
2560,236,-20.632453,213.166653
2561,237,-23.99,2.6
2562,237,-22.41,7.6
2563,237,-21.88,12.6
2564,237,-21.76,17.6
2565,237,-21.61,22.6
2566,237,-21.52,27.6
2567,237,-21.39,32.6
2568,237,-21.28,37.6
2569,237,-21.09,42.6
2570,237,-21.0,47.6
2571,237,-20.9,52.6
2572,237,-20.8,57.6
2573,237,-20.68,62.6
2574,237,-20.55,67.6
2575,237,-20.44,72.6
2576,237,-20.33,77.6
2577,237,-20.22,82.6
2578,237,-20.09,87.6
2579,237,-19.97,92.6
2580,237,-19.84,97.6
2581,237,-19.71,102.6
2582,237,-19.6,107.6
2583,237,-19.48,112.6
2584,237,-19.34,117.6
2585,237,-19.23,122.6
2586,237,-19.1,127.6
2587,238,-22.3,11.2
2588,238,-22.26,16.2
2589,238,-22.16,21.2
2590,238,-22.01,26.2
2591,238,-21.88,31.2
2592,238,-21.75,36.2
2593,238,-21.62,41.2
2594,238,-21.51,46.2
2595,238,-21.42,51.2
2596,238,-21.28,56.2
2597,238,-21.18,61.2
2598,238,-21.06,66.2
2599,238,-20.94,71.2
2600,238,-20.83,76.2
2601,238,-20.71,81.2
2602,238,-20.56,86.2
2603,238,-20.43,91.2
2604,238,-20.29,96.2
2605,238,-20.15,101.2
2606,238,-20.03,106.2
2607,238,-19.87,111.2
2608,238,-19.73,116.2
2609,238,-19.58,121.2
2610,238,-19.43,126.2
2611,238,-19.28,131.2
2612,238,-19.14,136.2
2613,238,-19.05,141.2
2614,239,-22.35,11.94
2615,239,-22.3,16.94
2616,239,-22.16,21.94
2617,239,-22.0,26.94
2618,239,-21.85,31.94
2619,239,-21.75,36.94
2620,239,-21.61,41.94
2621,239,-21.48,46.94
2622,239,-21.37,51.94
2623,239,-21.27,56.94
2624,239,-21.15,61.94
2625,239,-21.03,66.94
2626,239,-20.91,71.94
2627,239,-20.79,76.94
2628,239,-20.64,81.94
2629,239,-20.53,86.94
2630,239,-20.41,91.94
2631,239,-20.29,96.94
2632,239,-20.13,101.94
2633,239,-20.01,106.94
2634,239,-19.85,111.94
2635,239,-19.71,116.94
2636,239,-19.57,121.94
2637,239,-19.42,126.94
2638,239,-19.28,131.94
2639,239,-19.12,136.94
2640,239,-19.04,141.94
2641,240,-24.16,10.91
2642,240,-24.35,15.91
2643,240,-24.33,20.91
2644,240,-24.19,25.91
2645,240,-24.19,30.91
2646,240,-24.08,35.91
2647,240,-24.03,40.91
2648,240,-23.92,45.91
2649,240,-23.85,50.91
2650,240,-23.8,55.91
2651,240,-23.72,60.91
2652,240,-23.68,65.91
2653,240,-23.61,70.91
2654,240,-23.54,75.91
2655,240,-23.47,80.91
2656,240,-23.39,85.91
2657,240,-23.32,90.91
2658,240,-23.23,95.91
2659,240,-23.14,100.91
2660,240,-23.05,105.91
2661,240,-22.97,110.91
2662,240,-22.85,115.91
2663,240,-22.76,120.91
2664,240,-22.68,125.91
2665,240,-22.56,130.91
2666,240,-22.44,135.91
2667,240,-22.33,140.91
2668,240,-22.24,145.91
2669,240,-22.11,150.91
2670,240,-21.98,155.91
2671,240,-21.86,160.91
2672,240,-21.76,165.91
2673,240,-21.61,170.91
2674,240,-21.49,175.91
2675,240,-21.35,180.91
2676,240,-21.22,185.91
2677,240,-21.09,190.91
2678,240,-20.95,195.91
2679,240,-20.83,200.91
2680,240,-20.69,205.91
2681,240,-20.55,210.91
2682,240,-20.42,215.91
2683,240,-20.27,220.91
2684,240,-20.13,225.91
2685,240,-19.99,230.91
2686,240,-19.82,235.91
2687,240,-19.69,240.91
2688,240,-19.55,245.91
2689,240,-19.39,250.91
2690,240,-19.24,255.91
2691,240,-19.09,260.91
2692,240,-18.94,265.91
2693,240,-18.8,270.91
2694,240,-18.64,275.91
2695,240,-18.5,280.91
2696,240,-18.42,285.91
2697,240,-18.17,290.91
2698,240,-17.9,295.91
2699,240,-17.84,300.91
2700,240,-17.69,305.91
2701,240,-17.54,310.91
2702,240,-17.37,315.91
2703,240,-17.22,320.91
2704,240,-17.06,325.91
2705,240,-16.92,330.91
2706,240,-16.83,335.91
2707,240,-16.74,340.91
2708,241,-9.7675,0.5
2709,241,-10.88,1.5
2710,241,-10.366,3.5
2711,241,-9.2026,5.5
2712,241,-8.2492,7.5
2713,241,-7.9154,8.5
2714,241,-7.6489,9.5
2715,241,-7.4595,10.5
2716,241,-7.3413,11.5
2717,241,-7.2398,13.5
2718,241,-7.2359,17.5
2719,242,-0.101,118.6
2720,242,-0.13,142.6
2721,242,-0.062,154.6
2722,242,-0.179,166.6
2723,242,-0.179,172.6
2724,242,-0.14,178.6
2725,242,-0.169,184.6
2726,242,-0.14,186.6
2727,242,-0.257,188.6
2728,242,-0.101,190.6
2729,243,-2.9611,15.0
2730,243,-1.9278,25.0
2731,243,-1.5111,30.0
2732,243,-1.1889,35.0
2733,243,-0.9333,40.0
2734,243,-0.6889,45.0
2735,243,-0.35,55.0
2736,243,-0.1167,65.0
2737,243,-0.0056,70.0
2738,244,-2.006,16.5
2739,244,-1.614,21.5
2740,244,-1.206,26.5
2741,244,-0.689,36.5
2742,244,-0.352,46.5
2743,244,-0.014,56.5
2744,244,-0.054,71.5
2745,244,0.002,81.5
2746,245,-0.048,14.0
2747,245,-0.028,39.0
2748,245,-0.049,64.0
2749,245,-0.077,89.0
2750,245,-0.114,114.0
2751,245,-0.12,139.0
2752,246,-0.102,3.0
2753,246,-0.104,28.0
2754,246,-0.063,53.0
2755,246,-0.062,78.0
2756,246,-0.032,103.0
2757,246,-0.229,128.0
2758,246,-0.11,153.0
2759,247,-8.4850875,0.05
2760,247,-8.3235612,0.1
2761,247,-7.7106125,0.3
2762,247,-7.2716715,0.5
2763,247,-6.1013027,1.0
2764,247,-4.9389522,1.5
2765,247,-4.1245282,1.0
2766,247,-3.0637699,3.0
2767,247,-2.1445952,6.0
2768,247,-2.1722125,8.0
2769,247,-2.0229175,10.0
2770,248,-8.4116224,0.05
2771,248,-8.1870015,0.1
2772,248,-7.5569497,0.3
2773,248,-6.9697958,0.5
2774,248,-5.6452498,1.0
2775,248,-4.7322533,1.5
2776,248,-3.9644959,1.0
2777,248,-4.6527231,3.0
2778,248,-2.4987752,4.0
2779,248,-2.2921151,6.0
2780,248,-2.2044852,8.0
2781,248,-1.9478889,10.0
2782,251,-22.480295,0.0031628124
2783,251,-19.243004,0.32103428
2784,251,-15.639817,0.73350745
2785,251,-12.698166,1.0823886
2786,251,-10.615152,1.3988112
2787,251,-9.827245,1.7763697
2788,251,-9.26477,2.3576205
2789,251,-8.927439,2.8601365
2790,251,-8.7590275,3.3624406
2791,251,-8.731556,4.0371623
2792,251,-8.9299755,5.370597
2793,251,-9.268827,6.3743567
2794,251,-9.706643,7.8016334
2795,251,-9.946912,8.758446
2796,251,-10.130874,9.715329
2797,251,-10.526492,11.17404
2798,251,-10.72434,11.94262
2799,251,-10.837571,12.554404
2800,251,-11.190753,13.809193
2801,251,-11.346261,14.467994
2802,251,-11.487581,15.01698
2803,252,-24.999985,-0.015690377
2804,252,-23.874033,0.15831731
2805,252,-22.185053,0.36441252
2806,252,-18.061144,0.8873721
2807,252,-15.598016,1.1572006
2808,252,-12.543673,1.4277712
2809,252,-11.558519,1.632983
2810,252,-10.855135,2.0731971
2811,252,-10.320781,2.6230316
2812,252,-9.913099,3.1570168
2813,252,-9.54787,3.9106143
2814,252,-9.323469,4.7267966
2815,252,-9.281874,5.3544645
2816,252,-9.48015,6.546686
2817,252,-9.861454,7.770058
2818,252,-10.172136,8.758163
2819,252,-10.313504,9.35422
2820,252,-10.568198,10.656204
2821,252,-10.822449,11.518857
2822,252,-11.076524,12.208916
2823,252,-11.246378,13.134436
2824,252,-11.402107,14.012902
2825,252,-11.473489,15.0013075
2826,253,-25.014061,-0.015708046
2827,253,-22.762096,0.26954582
2828,253,-19.440456,0.697356
2829,253,-17.484148,1.0293099
2830,253,-15.457251,1.1573774
2831,253,-14.303194,1.3784915
2832,253,-12.839502,1.6470655
2833,253,-12.079732,2.0088983
2834,253,-11.235821,2.6846447
2835,253,-10.757677,3.1402664
2836,253,-10.476796,3.783925
2837,253,-10.19601,4.521726
2838,253,-10.028343,5.761478
2839,253,-10.085696,6.7969723
2840,253,-10.156982,7.691235
2841,253,-10.425657,8.899058
2842,253,-10.52497,9.667764
2843,253,-10.652325,10.3266
2844,253,-10.948978,11.3617935
2845,253,-11.231508,12.349935
2846,253,-11.401489,13.400977
2847,253,-11.515259,14.546233
2848,253,-11.501626,14.985581
2849,254,-25.000015,0.015690377
2850,254,-23.466084,0.42556614
2851,254,-21.97427,0.72555625
2852,254,-20.369923,1.1041396
2853,254,-18.920242,1.3099344
2854,254,-17.653765,1.7194744
2855,254,-16.54227,2.2700336
2856,254,-15.360521,2.946204
2857,254,-14.600974,3.527702
2858,254,-13.7993555,4.2661567
2859,254,-12.885551,5.4283934
2860,254,-11.999933,6.621975
2861,254,-11.522076,7.3600235
2862,254,-11.129437,8.851104
2863,254,-10.9898615,10.028059
2864,254,-10.990939,11.095004
2865,254,-11.160952,12.177428
2866,254,-11.30289,13.33834
2867,254,-11.444686,14.358037
2868,254,-11.48755,14.9855995
2869,255,-12.429633,0.015778724
2870,255,-13.767334,0.4377403
2871,255,-14.809333,0.76593065
2872,255,-15.457124,1.0318543
2873,255,-15.9219675,1.3450787
2874,255,-16.133417,1.6429309
2875,255,-16.161871,1.9410126
2876,255,-16.007616,2.521751
2877,255,-15.782834,2.9613643
2878,255,-15.361076,3.495367
2879,255,-14.7143,4.233628
2880,255,-13.64594,5.678485
2881,255,-13.224214,6.243869
2882,255,-12.830768,6.93474
2883,255,-12.451223,7.4529996
2884,255,-12.282669,7.8140903
2885,255,-12.07225,8.536113
2886,255,-11.875844,9.195355
2887,255,-11.693752,10.089937
2888,255,-11.441341,11.047368
2889,255,-11.343804,12.035985
2890,255,-11.344645,12.867576
2891,255,-11.401822,13.730475
2892,255,-11.458858,14.452162
2893,255,-11.473489,15.0013075
2894,256,-7.0523877,0.022528412
2895,256,-9.051655,0.41227877
2896,256,-12.529215,1.0512199
2897,256,-13.683794,1.3478881
2898,256,-14.204928,1.6453515
2899,256,-14.430533,2.021638
2900,256,-14.44499,2.3981893
2901,256,-14.375131,2.91606
2902,256,-14.16468,3.6067016
2903,256,-13.420239,5.2080564
2904,256,-12.731518,6.228797
2905,256,-11.958654,7.563451
2906,256,-11.649795,8.379739
2907,256,-11.509759,9.101673
2908,256,-11.412253,10.121671
2909,256,-11.356866,11.031784
2910,256,-11.330267,12.569476
2911,256,-11.430419,14.16977
2912,256,-11.459413,15.001326
2913,257,0.027265407,0.87869644
2914,257,-3.5347064,1.4704604
2915,257,-5.7874947,2.001106
2916,257,-7.1954837,2.3288372
2917,257,-9.47652,2.9535897
2918,257,-10.940942,3.406773
2919,257,-11.8845,3.8292294
2920,257,-12.335203,4.07971
2921,257,-12.53256,4.3618894
2922,257,-12.744121,4.769574
2923,257,-12.85743,5.4598093
2924,257,-12.703507,6.3700457
2925,257,-12.436798,7.107829
2926,257,-12.029561,8.081144
2927,257,-11.720828,9.022956
2928,257,-11.524707,9.964626
2929,257,-11.398636,10.57671
2930,257,-11.329141,11.45546
2931,257,-11.343979,12.208579
2932,257,-11.373115,13.181348
2933,257,-11.430308,14.0599375
2934,257,-11.44486,14.530632
2935,257,-11.459429,15.017015
2936,258,0.027281258,0.86300606
2937,258,-1.7469993,1.4883947
2938,258,-3.0565472,1.9103917
2939,258,-5.140512,2.5353918
2940,258,-6.886639,3.1608157
2941,258,-8.379468,3.8650098
2942,258,-9.56258,4.538212
2943,258,-10.64741,5.4625835
2944,258,-11.366235,6.371724
2945,258,-11.901999,7.218333
2946,258,-12.015246,7.8458066
2947,258,-12.08647,8.677308
2948,258,-12.115605,9.650076
2949,258,-12.046221,10.638659
2950,258,-11.97652,11.313433
2951,258,-11.766196,12.129598
2952,258,-11.696637,12.945585
2953,258,-11.612876,13.636068
2954,258,-11.557315,14.373587
2955,258,-11.473474,14.985617
2956,259,-9.740994,0.0034631912
2957,259,-6.5603423,0.6507619
2958,259,-4.153837,1.2343273
2959,259,-3.4925241,1.5175846
2960,259,-3.4224427,1.81579
2961,259,-3.5917575,2.2078373
2962,259,-4.042731,2.7250545
2963,259,-4.3948984,2.9756587
2964,259,-5.6906075,3.633029
2965,259,-6.8877964,4.3062134
2966,259,-8.240097,5.2459397
2967,259,-9.141742,5.9822564
2968,259,-9.846268,6.6717496
2969,259,-10.663834,7.7847414
2970,259,-11.298832,9.321603
2971,259,-11.553383,10.482373
2972,259,-11.708891,11.141174
2973,259,-11.639586,12.208208
2974,259,-11.640553,13.165321
2975,259,-11.627316,13.996929
2976,259,-11.501372,14.734536
2977,259,-11.487597,15.032671
2978,260,-15.525,8.910892
2979,260,-15.075,10.891089
2980,260,-14.55,13.861386
2981,260,-13.9875,16.831684
2982,260,-13.575,24.752476
2983,260,-13.2375,37.623764
2984,260,-13.3125,52.475246
2985,260,-13.65,62.376236
2986,260,-13.9125,75.24753
2987,260,-14.1,90.09901
2988,260,-14.175,105.9406
2989,260,-14.025,119.80198
2990,260,-13.7625,131.68317
2991,261,-14.589051,15.445353
2992,261,-14.6098995,29.34394
2993,261,-14.765359,43.608936
2994,261,-15.290577,75.17273
2995,261,-15.591361,96.091934
2996,261,-15.794039,125.58565
2997,261,-15.68954,148.7131
2998,261,-15.439861,164.85562
2999,261,-15.001816,180.28671
3000,261,-13.762467,209.7296
3001,261,-12.221427,251.001
3002,261,-11.347225,277.56345
3003,261,-10.921058,296.63635
3004,261,-10.669345,317.40933
3005,262,-12.764474,20.211971
3006,262,-13.31286,32.52303
3007,262,-13.873818,48.804993
3008,262,-14.340478,66.066795
3009,262,-14.820144,85.31493
3010,262,-15.20522,106.86595
3011,262,-15.429228,127.40335
3012,262,-15.491589,149.57321
3013,262,-15.323655,179.98186
3014,262,-14.982007,205.73674
3015,262,-14.424228,236.42458
3016,262,-13.706319,261.79892
3017,262,-12.543573,293.06824
3018,262,-11.622901,323.70807
3019,262,-11.09258,351.7534
3020,262,-10.942061,363.972
3021,263,-11.571986,16.016535
3022,263,-11.817943,25.7068
3023,263,-12.406382,34.492313
3024,263,-13.397823,55.001163
3025,263,-14.073371,75.75803
3026,263,-14.40893,91.446205
3027,263,-14.611815,109.75431
3028,263,-14.654055,134.65767
3029,263,-14.474435,155.18747
3030,263,-14.014514,185.26782
3031,263,-13.504598,209.02888
3032,263,-12.889708,232.09828
3033,263,-12.289358,251.85258
3034,263,-11.450254,276.19003
3035,264,-13.864574,14.583027
3036,264,-13.546868,20.459332
3037,264,-13.280718,28.341413
3038,264,-13.1835985,39.59127
3039,264,-13.243627,51.551506
3040,264,-13.723493,91.83422
3041,264,-13.846184,110.11606
3042,264,-13.770502,131.65598
3043,264,-13.51174,151.81432
3044,264,-12.803281,179.4682
3045,264,-12.192716,194.2138
3046,264,-11.582771,207.63266
3047,265,-13.713286,36.348583
3048,265,-13.74252,75.890045
3049,265,-13.6113405,123.046394
3050,265,-13.326805,150.90732
3051,265,-13.139032,162.1723
3052,265,-12.8190775,174.0798
3053,265,-12.259244,194.58571
3054,265,-11.44912,213.0566
3055,265,-10.6785965,231.53406
3056,265,-10.305839,243.43279
3057,265,-9.9448,260.98154
3058,266,-12.655856,14.322501
3059,266,-12.0448885,26.214806
3060,266,-11.751442,37.816753
3061,266,-11.616651,49.772408
3062,266,-11.653883,61.418346
3063,266,-11.811139,68.42386
3064,266,-12.007306,79.09315
3065,266,-12.057345,92.73639
3066,266,-12.026273,114.68383
3067,266,-11.916396,133.95999
3068,266,-11.768168,146.91167
3069,266,-10.702229,183.68842
3070,266,-8.884301,211.05232
3071,266,-2.4757152,304.65802
3072,266,-1.6393259,319.18112
3073,266,-1.0014837,333.06546
3074,267,-14.543651,6.5
3075,267,-12.380953,13.5
3076,267,-9.603174,24.5
3077,267,-7.638889,36.5
3078,267,-6.051587,52.0
3079,267,-4.484127,71.5
3080,267,-2.797619,96.0
3081,267,-1.7063493,116.5
3082,267,-1.2301587,130.0
3083,267,-0.6547619,150.5
3084,267,-0.15873016,171.5
3085,267,-0.05952381,185.5
3086,267,-0.03968254,199.5
3087,268,-12.807372,5.138513
3088,268,-12.897722,5.3560996
3089,268,-13.060365,5.709849
3090,268,-13.137071,6.1980476
3091,268,-13.28615,6.55165
3092,268,-13.317681,6.931055
3093,268,-13.444091,7.50102
3094,268,-13.48011,7.988778
3095,268,-13.5432625,8.449754
3096,268,-13.54762,8.991321
3097,268,-13.542805,9.966004
3098,268,-13.487942,11.996109
3099,268,-13.324605,13.943811
3100,268,-13.2655325,14.9449835
3101,268,-13.269751,15.94684
3102,268,-13.17421,17.949429
3103,268,-13.151001,19.9528
3104,268,-13.212788,24.935452
3105,268,-13.179629,29.94415
3106,268,-13.096751,34.925236
3107,269,-14.608211,4.955629
3108,269,-14.425911,5.986818
3109,269,-13.734773,7.957746
3110,269,-13.252613,9.974093
3111,269,-13.123064,11.988083
3112,269,-13.058741,13.861185
3113,269,-12.9815035,16.015274
3114,269,-12.956431,18.028564
3115,269,-13.009694,19.994514
3116,269,-12.893205,22.008417
3117,270,-10.683784,4.981876
3118,270,-11.369927,5.96044
3119,270,-11.455863,7.9729877
3120,270,-12.01794,8.952381
3121,270,-12.025018,10.0057125
3122,270,-11.857301,13.962854
3123,270,-11.48119,18.998177
3124,270,-11.75414,29.038555
3125,271,-10.166078,3.9784946
3126,271,-10.590106,4.470046
3127,271,-11.063604,5.391705
3128,271,-11.102473,6.344086
3129,271,-11.042403,7.296467
3130,271,-10.879859,8.264209
3131,271,-10.689046,9.1705065
3132,271,-10.477032,10.122888
3133,271,-10.2650175,11.152074
3134,271,-10.091873,12.073732
3135,271,-9.925795,13.056835
3136,271,-9.826855,14.009216
3137,271,-9.731449,14.946237
3138,271,-9.667845,16.006144
3139,271,-9.632509,16.958525
3140,271,-9.586573,17.941628
3141,271,-9.565371,18.878649
3142,271,-9.561837,19.892473
3143,271,-9.558304,20.890938
3144,271,-9.561837,21.843317
3145,271,-9.565371,22.841782
3146,271,-9.575972,23.778801
3147,271,-9.600707,24.792627
3148,271,-9.618375,25.77573
3149,271,-9.639576,26.804916
3150,271,-9.657244,27.78802
3151,271,-9.6749115,28.694317
3152,271,-9.696113,29.708141
3153,272,-7.606007,3.9631336
3154,272,-8.300353,5.0230412
3155,272,-8.893993,8.986176
3156,272,-7.8074207,14.032258
3157,272,-6.646643,24.0553
3158,273,-14.066183,12.081546
3159,273,-14.026798,18.070623
3160,273,-13.95614,24.280733
3161,273,-13.856266,30.058764
3162,273,-13.75641,36.27205
3163,273,-13.664887,42.2668
3164,273,-13.590049,48.25974
3165,273,-13.529804,54.14227
3166,273,-13.419517,60.24788
3167,273,-13.305054,66.245125
3168,273,-13.201022,72.35005
3169,273,-13.082379,78.13013
3170,273,-12.982511,84.01697
3171,273,-12.880556,89.904045
3172,273,-12.772363,96.22705
3173,273,-12.647471,102.22543
3174,273,-12.512154,108.224945
3175,273,-12.397686,114.11338
3176,273,-12.320775,120.43298
3177,274,-13.55933,10.17804
3178,274,-13.505306,15.189381
3179,274,-13.536785,20.082603
3180,274,-13.5036125,24.98286
3181,274,-13.401632,30.217049
3182,274,-13.3768015,35.116398
3183,274,-13.347809,40.23383
3184,274,-13.283363,45.35512
3185,274,-13.200139,50.260826
3186,274,-13.133603,55.273525
3187,274,-13.042042,60.28895
3188,274,-12.954642,65.086296
3189,274,-12.881859,70.31731
3190,274,-12.767352,75.22642
3191,274,-12.640341,80.354515
3192,275,-12.67925,10.273805
3193,275,-12.977559,12.308818
3194,275,-12.986305,22.427607
3195,275,-12.846981,32.562504
3196,275,-12.609634,42.59926
3197,275,-12.591061,47.497925
3198,275,-12.495328,52.513805
3199,275,-12.410023,57.52855
3200,275,-12.328784,59.93131
3201,275,-12.180822,62.667767
3202,276,-13.359405,17.27273
3203,276,-13.236804,28.38514
3204,276,-13.097384,36.126133
3205,276,-12.99961,42.23038
3206,276,-12.818454,49.32303
3207,276,-12.676923,56.411366
3208,276,-12.574929,61.31911
3209,277,-13.453605,26.076447
3210,277,-13.356391,46.21769
3211,277,-13.044362,66.16468
3212,277,-12.798839,80.337265
3213,277,-12.613629,90.36835
3214,277,-12.492906,96.25746
3215,277,-12.405515,101.27243
3216,278,-6.749188,2.122964
3217,278,-6.2134953,10.618004
3218,278,-6.0745354,19.184568
3219,278,-6.2529535,27.730556
3220,278,-6.4238057,36.17979
3221,278,-6.4812894,44.441887
3222,278,-6.414127,53.10104
3223,278,-6.4904923,61.264668
3224,278,-6.313759,69.93092
3225,278,-6.257912,78.39486
3226,278,-6.069824,86.86736
3227,278,-5.9346232,95.23919
3228,279,-5.0005045,9.140722
3229,279,-6.183288,10.814452
3230,279,-6.3427954,19.167177
3231,279,-6.4002886,27.526516
3232,279,-6.499353,35.980404
3233,279,-6.556865,44.534233
3234,279,-6.4481316,53.098835
3235,279,-6.5056343,61.55542
3236,279,-6.3061733,69.63968
3237,279,-6.254153,78.58959
3238,279,-6.028272,86.9673
3239,279,-5.9232883,95.23993
3240,279,-5.761668,103.905205
3241,279,-5.4942265,112.28561
3242,280,-6.24605,11.3924055
3243,280,-4.697517,30.379747
3244,280,-3.717833,60.759495
3245,280,-3.7494357,82.27848
3246,280,-4.1602707,101.26582
3247,280,-4.3182845,137.97469
3248,281,-0.9367946,10.126582
3249,281,-0.9683973,21.518988
3250,281,-1.1896162,41.772152
3251,281,-2.1693003,62.02532
3252,281,-2.959368,79.74683
3253,281,-3.9706547,100.0
3254,281,-4.476298,122.78481
3255,282,0.013830912,0.74782765
3256,282,0.01034914,1.7667024
3257,282,-0.10278927,2.7771158
3258,282,-0.652342,3.7753127
3259,282,-0.89838415,5.764053
3260,282,-0.9479369,6.76225
3261,282,-0.84616715,7.768005
3262,282,-0.750957,8.795579
3263,282,-0.74129075,9.80333
3264,282,-0.3425892,11.799771
3265,282,-0.33205733,13.78295
3266,282,-0.09872078,14.775015
3267,283,0.011426373,0.5094374
3268,283,-0.3977878,1.4937538
3269,283,-0.60086566,2.473602
3270,283,-0.6922093,3.331807
3271,283,-0.7921804,4.352773
3272,283,-0.5961431,5.32397
3273,283,-0.49654707,6.3514485
3274,283,-0.34876406,7.312853
3275,284,-8.536689,2.3816464
3276,284,-12.407562,4.8838787
3277,284,-12.885262,7.4367824
3278,285,-7.2852964,2.440927
3279,285,-11.347022,4.9439263
3280,285,-11.973161,7.497427
3281,285,-11.08821,11.438249
3282,286,-1.2281214,0.4658284
3283,286,-2.245239,0.6628482
3284,286,-4.0253425,0.9701189
3285,286,-9.956969,2.5159762
3286,286,-12.899005,3.942633
3287,286,-13.9785595,4.440019
3288,286,-14.273333,4.977125
3289,286,-14.436824,6.5426717
3290,286,-13.769833,8.98379
3291,286,-11.787663,11.526808
3292,286,-10.187366,14.028485
3293,286,-8.280828,18.908422
3294,286,-7.264512,23.89912
3295,287,-3.2215471,0.45240393
3296,287,-4.1335635,0.41319603
3297,287,-4.810209,0.9089631
3298,287,-6.122858,1.4501601
3299,287,-8.135466,1.9512969
3300,287,-9.087786,2.448172
3301,287,-11.350901,3.957847
3302,287,-13.737202,6.496986
3303,287,-12.603432,9.000539
3304,287,-11.109247,11.481207
3305,287,-8.96911,16.445951
3306,287,-7.486435,21.391903
3307,287,-6.0033383,26.445036
3308,288,-0.8687195,0.18570489
3309,288,-3.9629056,0.6697522
3310,288,-6.0601683,1.2141029
3311,288,-10.401195,2.7964406
3312,288,-14.3570595,5.2561407
3313,288,-13.9442005,7.7840285
3314,288,-9.588882,15.226542
3315,288,-8.836985,17.688757
3316,288,-7.787784,20.256962
3317,288,-6.8777494,25.183777
3318,289,-0.88773304,0.74313915
3319,289,-5.3349986,2.2723117
3320,289,-11.623371,4.7735424
3321,289,-13.681067,7.289923
3322,289,-10.12084,14.767789
3323,289,-8.192591,19.776258
3324,289,-7.155111,24.756155
3325,290,-0.31753835,0.14061578
3326,290,-8.280955,2.702171
3327,290,-12.406214,5.2268624
3328,290,-10.828851,12.680543
3329,290,-7.5449085,22.699785
3330,291,-1.9767791,13.73603
3331,291,-2.1176872,33.643223
3332,291,-2.211579,54.004074
3333,291,-2.3939633,74.84364
3334,291,-1.5833861,118.61717
3335,291,-0.9608617,162.42548
3336,291,-0.24983573,207.14212
3337,291,-0.20807509,249.20842
3338,291,-0.25479156,294.0652
3339,292,-0.35759097,27.753304
3340,292,-0.46737766,48.311306
3341,292,-0.5928482,68.35536
3342,292,-0.72772896,87.88546
3343,292,-0.65558344,107.92951
3344,292,-0.42973652,207.12189
3345,292,-0.32308656,223.05434
3346,292,-0.22584693,237.95888
3347,292,-0.22898369,254.40529
3348,292,-0.23839398,267.25403
3349,293,-11.550387,3.5299838
3350,293,-5.9302325,5.1053486
3351,293,0.0,6.8557534
3352,294,-13.83721,1.1377634
3353,294,-11.705426,2.508914
3354,294,-7.7906976,4.2009726
3355,294,-5.3100777,6.5056725
3356,294,-2.7906976,8.985414
3357,294,-1.7829458,12.048622
3358,294,-1.2015504,14.061588
3359,295,-12.635659,1.4878445
3360,295,-11.782946,1.9837925
3361,295,-6.4728684,4.9594812
3362,295,-0.07751938,5.484603
3363,296,-4.2248063,4.2593193
3364,296,-0.96899223,6.301459
3365,296,0.0,6.5056725
3366,297,-14.092592,6.3905325
3367,297,-14.064815,11.715977
3368,297,-14.018518,18.106508
3369,297,-13.972222,23.786982
3370,297,-13.861111,29.822485
3371,297,-13.759259,35.857986
3372,297,-13.666667,42.24852
3373,297,-13.583333,48.284023
3374,297,-13.537037,53.964497
3375,297,-13.416667,60.0
3376,297,-13.305555,66.0355
3377,297,-13.203704,71.71597
3378,297,-13.074074,78.10651
3379,297,-12.981482,84.14201
3380,297,-12.87963,90.17751
3381,297,-12.768518,95.85799
3382,297,-12.648149,102.24852
3383,297,-12.5,108.28403
3384,297,-12.388889,114.31953
3385,297,-12.305555,120.35503
